length,danceability,acousticness,energy,instrumentalness,liveness,valence,loudness,speechiness,tempo
236001,0.667,0.0123,0.83,0.0,0.191,0.701,-5.715,0.0749,113.03
232720,0.647,0.219,0.822,0.0,0.0908,0.962,-4.662,0.183,160.019
230120,0.62,0.332,0.832,0.0,0.104,0.481,-4.848,0.036,144.926
208906,0.448,0.21,0.838,0.000131,0.131,0.254,-5.257,0.0557,139.863
216773,0.673,0.185,0.886,0.0,0.0826,0.795,-4.44,0.0431,97.012
242186,0.686,0.595,0.457,0.0,0.105,0.718,-8.322,0.0468,150.953
228346,0.512,0.0275,0.662,0.0,0.118,0.472,-6.797,0.0439,180.114
219146,0.774,0.152,0.753,0.0,0.0371,0.896,-5.446,0.0517,119.002
203064,0.702,0.00883,0.825,0.0,0.0674,0.915,-3.787,0.0601,102.977
172380,0.656,0.0529,0.832,0.0,0.4,0.742,-5.386,0.294,125.915
199053,0.746,0.0112,0.765,0.0,0.0936,0.737,-4.41,0.0993,114.044
187920,0.807,0.0573,0.887,2.87e-06,0.124,0.961,-3.726,0.0503,134.052
205933,0.56,0.0239,0.872,6.98e-06,0.371,0.682,-4.269,0.14,126.05
221946,0.562,0.046,0.939,0.0,0.112,0.684,-4.282,0.0475,116.044
225983,0.818,0.034,0.803,0.0,0.153,0.632,-4.282,0.0797,106.97
174000,0.548,0.122,0.816,0.0,0.335,0.557,-4.209,0.0465,95.39
191466,0.691,0.487,0.823,0.0,0.134,0.87,-4.197,0.0623,123.935
235493,0.748,0.0591,0.788,0.0,0.0863,0.884,-7.055,0.0334,120.076
180565,0.782,0.166,0.685,1.18e-05,0.16,0.603,-6.237,0.0309,118.016
171374,0.767,0.234,0.481,0.0,0.269,0.761,-8.52,0.0803,150.076
223053,0.636,0.0294,0.831,3.85e-06,0.272,0.668,-3.945,0.182,175.015
227840,0.837,0.103,0.515,0.0,0.233,0.769,-4.065,0.0793,129.001
199986,0.726,0.009,0.787,0.0,0.0596,0.888,-2.494,0.0737,124.99
175426,0.72,0.0384,0.791,0.0,0.157,0.756,-4.689,0.124,102.071
192586,0.426,0.0383,0.584,0.0,0.192,0.272,-5.293,0.296,193.438
177280,0.471,0.00301,0.924,0.0,0.313,0.725,-3.906,0.0586,154.961
237626,0.719,0.0372,0.671,8.21e-06,0.12,0.786,-6.279,0.0336,130.027
218013,0.56,0.00847,0.936,0.0,0.161,0.371,-5.835,0.0439,112.96
258613,0.409,0.000807,0.892,0.0,0.207,0.651,-4.373,0.0336,174.426
214320,0.482,0.0111,0.873,0.0,0.409,0.737,-3.145,0.0853,165.084
193400,0.783,0.0114,0.58,2.28e-06,0.108,0.66,-6.548,0.0408,120.021
231173,0.743,0.0188,0.752,0.0,0.287,0.545,-4.813,0.0414,110.015
154874,0.79,0.275,0.629,6.78e-05,0.174,0.64,-7.285,0.0428,107.025
216600,0.56,0.000722,0.959,0.000221,0.209,0.669,-2.433,0.102,163.983
239600,0.733,0.145,0.71,0.115,0.0956,0.965,-5.849,0.0292,127.975
200946,0.715,0.00351,0.872,3.84e-05,0.107,0.748,-3.835,0.0509,93.043
202066,0.652,0.00112,0.698,0.000115,0.0886,0.47,-4.667,0.042,96.021
225373,0.762,0.15,0.661,0.0,0.256,0.769,-6.075,0.0687,130.009
173640,0.731,0.125,0.626,0.0,0.183,0.862,-6.919,0.0805,82.488
204280,0.484,0.431,0.731,0.0,0.151,0.51,-6.694,0.0379,101.654
164640,0.769,0.66,0.479,0.0,0.0914,0.803,-5.339,0.0385,96.051
200720,0.714,0.0883,0.451,0.0,0.108,0.406,-8.268,0.0276,127.787
189933,0.674,0.0469,0.778,0.0,0.145,0.816,-5.367,0.0376,90.01
199080,0.578,0.00701,0.866,0.0,0.257,0.619,-3.804,0.0619,128.038
214125,0.805,0.111,0.627,0.0,0.745,0.653,-7.086,0.0638,119.978
245466,0.49,0.00218,0.885,0.0,0.0741,0.64,-4.121,0.0396,166.996
227395,0.713,0.0377,0.676,0.0,0.154,0.721,-5.483,0.027,99.048
169302,0.705,0.214,0.827,0.00084,0.121,0.715,-4.812,0.0286,111.963
200213,0.663,0.0542,0.857,0.0,0.144,0.931,-2.16,0.0544,126.039
204200,0.589,0.03,0.966,0.0,0.147,0.802,-4.106,0.0972,129.983
484146,0.574,0.234,0.512,0.0,0.0946,0.512,-6.664,0.0503,76.899
163143,0.729,0.0852,0.759,1.55e-05,0.0626,0.597,-5.779,0.0364,119.991
217306,0.627,0.563,0.703,0.0,0.0962,0.64,-4.884,0.236,81.897
166028,0.734,0.168,0.874,1.14e-05,0.0489,0.905,-3.158,0.0662,122.953
219200,0.647,0.0647,0.8,0.0,0.334,0.942,-5.384,0.165,160.078
193146,0.628,0.00957,0.676,2.65e-05,0.121,0.75,-5.911,0.0916,85.984
147746,0.656,0.25,0.767,0.0,0.114,0.871,-3.038,0.0396,163.834
211786,0.776,0.0343,0.875,0.0,0.314,0.849,-5.535,0.0575,111.988
227833,0.799,0.162,0.586,2.03e-06,0.193,0.549,-6.735,0.0377,120.97
192120,0.73,0.109,0.703,0.0,0.0657,0.595,-5.672,0.0369,138.113
169935,0.571,0.00209,0.957,1.5e-05,0.0425,0.892,-3.468,0.0633,149.946
226738,0.713,0.0435,0.802,0.00377,0.309,0.343,-7.055,0.0561,100.001
222200,0.355,0.00119,0.918,0.0,0.0971,0.24,-4.36,0.0746,148.114
222920,0.68,0.0694,0.666,0.0,0.157,0.789,-6.953,0.115,151.995
189960,0.742,0.0205,0.713,0.0,0.059,0.879,-5.522,0.0303,120.032
230733,0.457,0.00144,0.823,0.0,0.108,0.578,-4.76,0.311,192.205
191870,0.617,0.000451,0.906,0.0,0.0716,0.807,-4.822,0.0311,119.016
243533,0.767,0.0113,0.682,0.00016,0.104,0.833,-5.02,0.042,127.975
180480,0.66,0.11,0.867,0.0,0.0368,0.377,-4.285,0.116,93.033
230733,0.652,0.00125,0.812,3.01e-05,0.667,0.72,-3.797,0.0409,126.023
202440,0.654,0.025,0.877,0.0,0.0699,0.561,-2.988,0.045,118.499
227893,0.638,0.141,0.832,0.0,0.113,0.648,-5.039,0.049,124.071
201122,0.694,0.132,0.712,0.0,0.211,0.799,-3.923,0.046,98.023
267413,0.652,0.0848,0.749,0.0,0.604,0.651,-5.248,0.0886,94.103
190213,0.738,0.332,0.804,0.0,0.279,0.949,-3.851,0.0621,174.943
281560,0.781,0.474,0.445,0.0,0.184,0.591,-6.061,0.0295,78.998
200786,0.665,0.0767,0.759,0.0,0.313,0.389,-3.694,0.0399,99.992
215226,0.735,0.025,0.766,0.00138,0.108,0.6,-4.485,0.0383,127.985
202496,0.494,0.000569,0.951,0.0,0.327,0.441,-4.237,0.132,160.025
184732,0.753,0.171,0.657,0.0,0.112,0.437,-3.061,0.0449,107.01
210626,0.747,0.135,0.716,0.0,0.251,0.751,-2.457,0.075,125.008
220800,0.663,0.0338,0.861,0.0,0.082,0.654,-3.398,0.109,119.963
215360,0.56,0.0594,0.857,0.0,0.381,0.432,-4.145,0.0384,119.975
170826,0.624,0.0735,0.876,0.0,0.327,0.781,-3.374,0.1,99.943
252880,0.669,0.192,0.939,0.0,0.295,0.53,-3.209,0.161,129.014
224840,0.773,0.0422,0.758,0.0,0.305,0.925,-4.993,0.0381,144.033
235766,0.627,0.13,0.792,3.97e-06,0.0845,0.415,-4.311,0.031,119.054
201287,0.673,0.286,0.735,0.0,0.242,0.754,-4.733,0.0457,115.744
223186,0.64,0.271,0.635,0.0,0.319,0.475,-7.565,0.226,100.034
195105,0.72,0.0276,0.925,0.000238,0.14,0.781,-4.165,0.0511,127.004
199693,0.755,0.0991,0.837,0.0,0.289,0.714,-2.718,0.142,120.028
224653,0.747,0.0208,0.937,0.0,0.29,0.739,-5.746,0.0453,103.976
231013,0.279,0.000185,0.742,0.0,0.593,0.328,-6.46,0.0898,189.868
197935,0.722,0.0319,0.851,0.0,0.108,0.452,-3.873,0.0639,126.885
182866,0.637,0.0177,0.93,0.0,0.452,0.886,-2.632,0.0511,90.014
160097,0.664,0.613,0.573,0.000363,0.0857,0.566,-6.519,0.0277,76.023
214240,0.728,0.0401,0.859,0.0,0.111,0.535,-5.237,0.137,65.043
173026,0.768,0.101,0.864,0.0,0.162,0.891,-6.145,0.0324,110.008
291293,0.709,0.207,0.824,0.000307,0.0888,0.867,-8.824,0.0453,118.818
263173,0.692,0.23,0.786,0.0,0.0797,0.583,-2.959,0.069,100.025
199986,0.726,0.009,0.787,0.0,0.0596,0.888,-2.494,0.0737,124.99
193400,0.783,0.0114,0.58,2.28e-06,0.108,0.66,-6.548,0.0408,120.021
231840,0.758,0.0117,0.557,0.0,0.0418,0.781,-4.568,0.034,126.986
219200,0.647,0.0647,0.8,0.0,0.334,0.942,-5.384,0.165,160.078
199080,0.578,0.00701,0.866,0.0,0.257,0.619,-3.804,0.0619,128.038
202626,0.766,0.00627,0.873,0.0,0.0764,0.743,-6.381,0.143,126.988
211773,0.777,0.0352,0.896,0.0,0.317,0.843,-4.467,0.0619,111.987
202066,0.652,0.00112,0.698,0.000115,0.0886,0.47,-4.667,0.042,96.021
201122,0.694,0.133,0.712,0.0,0.211,0.799,-3.923,0.046,98.022
289133,0.743,0.0873,0.766,0.0,0.509,0.61,-6.375,0.0265,127.96
229506,0.673,0.039,0.758,0.0,0.341,0.542,-3.632,0.158,135.956
227893,0.638,0.141,0.832,0.0,0.113,0.648,-5.039,0.049,124.071
202613,0.751,0.00379,0.783,0.0,0.036,0.816,-3.724,0.0859,119.975
205933,0.56,0.0239,0.872,6.98e-06,0.371,0.682,-4.269,0.14,126.05
175426,0.72,0.0384,0.791,0.0,0.157,0.756,-4.689,0.124,102.071
235266,0.618,0.17,0.741,0.0,0.0822,0.296,-3.95,0.031,118.984
230120,0.62,0.332,0.832,0.0,0.104,0.481,-4.848,0.036,144.926
230733,0.652,0.00125,0.812,3.01e-05,0.667,0.72,-3.797,0.0409,126.023
216773,0.673,0.185,0.886,0.0,0.0826,0.795,-4.44,0.0431,97.012
185586,0.762,0.015,0.863,0.0,0.125,0.965,-3.689,0.0565,106.008
241933,0.822,0.0264,0.739,4.26e-05,0.181,0.745,-4.541,0.0311,118.992
176658,0.527,0.0166,0.835,0.0,0.249,0.654,-5.298,0.0433,125.983
223053,0.636,0.0294,0.831,3.85e-06,0.272,0.668,-3.945,0.182,175.015
201287,0.673,0.286,0.735,0.0,0.242,0.754,-4.733,0.0457,115.744
199693,0.755,0.0991,0.837,0.0,0.289,0.714,-2.718,0.142,120.028
195973,0.765,0.00107,0.837,1.06e-05,0.0801,0.721,-3.113,0.032,122.028
170826,0.624,0.0735,0.876,0.0,0.327,0.781,-3.374,0.1,99.943
200106,0.652,0.0227,0.877,0.0,0.0789,0.486,-2.986,0.0465,118.491
218227,0.705,0.456,0.78,0.00152,0.115,0.457,-6.267,0.0805,142.028
204160,0.581,0.0295,0.963,0.0,0.139,0.788,-4.087,0.0981,129.992
201493,0.722,0.0117,0.761,0.0,0.315,0.624,-4.459,0.0475,128.044
218093,0.778,0.284,0.824,0.0,0.405,0.758,-5.892,0.0707,100.024
194407,0.687,0.327,0.785,0.0,0.203,0.655,-4.65,0.0333,106.046
211460,0.571,0.0608,0.815,0.0,0.163,0.664,-3.267,0.0321,120.008
206166,0.699,0.0317,0.529,3.59e-05,0.285,0.121,-7.548,0.0487,119.987
202960,0.7,0.0048,0.709,0.0,0.029,0.624,-5.006,0.0838,122.019
252306,0.671,0.191,0.939,0.0,0.298,0.53,-3.206,0.161,129.024
173026,0.768,0.101,0.864,0.0,0.162,0.891,-6.145,0.0324,110.008
194240,0.673,0.0591,0.902,0.000262,0.0558,0.538,-2.392,0.0346,100.012
223546,0.554,0.00487,0.772,6.6e-06,0.354,0.455,-4.821,0.0418,179.984
234560,0.616,0.0283,0.869,0.0,0.064,0.473,-3.911,0.0327,127.966
200186,0.658,0.0629,0.837,0.0,0.0969,0.936,-2.063,0.0543,126.015
199440,0.857,0.381,0.8,0.0,0.0913,0.966,-4.035,0.0583,121.996
199266,0.532,0.0559,0.795,0.0,0.295,0.78,-3.979,0.0358,143.837
193213,0.426,0.0383,0.584,0.0,0.188,0.272,-5.293,0.296,193.437
236001,0.667,0.0123,0.83,0.0,0.191,0.701,-5.715,0.0749,113.03
197935,0.722,0.0319,0.851,0.0,0.108,0.452,-3.873,0.0639,126.885
220733,0.637,0.0151,0.843,0.0,0.0876,0.434,-5.413,0.0432,109.012
237200,0.851,0.118,0.806,1.64e-06,0.121,0.787,-4.62,0.0787,118.999
179640,0.699,0.00223,0.76,0.0,0.132,0.696,-3.173,0.0677,129.996
174933,0.746,0.0485,0.846,0.0,0.195,0.403,-2.432,0.048,114.955
187293,0.258,0.065,0.919,0.0,0.279,0.636,-6.927,0.0809,93.62
220440,0.553,0.0709,0.664,0.0056,0.106,0.467,-7.417,0.0741,140.06
267080,0.835,0.0336,0.669,6.92e-05,0.0535,0.542,-5.582,0.0643,122.668
189000,0.658,0.0144,0.863,0.000193,0.2,0.496,-4.64,0.0255,129.972
202533,0.421,0.0654,0.873,0.0,0.123,0.629,-4.343,0.0564,84.786
260253,0.587,0.00327,0.828,0.0,0.331,0.494,-5.108,0.161,123.907
205360,0.776,0.0234,0.693,0.00177,0.0322,0.635,-2.528,0.0314,102.996
202496,0.494,0.000569,0.951,0.0,0.327,0.441,-4.237,0.132,160.025
212400,0.584,6.52e-05,0.699,6.05e-05,0.486,0.585,-6.065,0.0378,82.499
220800,0.663,0.0338,0.861,0.0,0.082,0.654,-3.398,0.109,119.963
214789,0.811,0.0726,0.699,1.38e-06,0.148,0.733,-5.211,0.114,122.987
224653,0.747,0.0208,0.937,0.0,0.29,0.739,-5.746,0.0453,103.976
184133,0.738,0.101,0.794,0.0,0.0533,0.566,-4.118,0.0416,104.014
227833,0.799,0.162,0.586,2.03e-06,0.193,0.549,-6.735,0.0377,120.97
180021,0.827,0.184,0.576,0.029,0.0656,0.41,-7.774,0.0372,118.04
182306,0.706,0.173,0.751,0.0,0.168,0.195,-6.323,0.0708,91.031
215226,0.734,0.025,0.766,0.00138,0.108,0.6,-4.485,0.0383,127.986
196160,0.794,0.237,0.832,1.14e-05,0.203,0.871,-4.862,0.0407,107.657
224720,0.706,0.0476,0.842,0.0,0.134,0.818,-4.628,0.038,104.958
196613,0.73,0.39,0.861,0.0,0.213,0.704,-4.1,0.0451,117.965
182666,0.775,0.0506,0.825,1.03e-06,0.111,0.95,-5.402,0.0464,139.091
186440,0.645,0.00809,0.921,1.08e-05,0.407,0.864,-5.256,0.0302,129.0
163636,0.734,0.151,0.765,0.0,0.231,0.518,-5.562,0.0621,109.989
212106,0.657,0.0108,0.695,0.0,0.0822,0.683,-4.493,0.0321,65.997
234653,0.791,0.00446,0.754,0.0,0.163,0.425,-3.729,0.0569,125.014
230906,0.758,0.0848,0.686,0.00127,0.142,0.444,-6.346,0.0792,130.007
183587,0.755,0.0635,0.751,0.0,0.0812,0.491,-4.034,0.0748,102.002
190213,0.738,0.332,0.804,0.0,0.279,0.949,-3.851,0.0621,174.943
232693,0.632,0.0624,0.856,0.0,0.347,0.867,-3.463,0.0348,119.397
247626,0.607,0.0306,0.649,2.46e-05,0.174,0.505,-6.695,0.0362,102.996
199386,0.706,0.26,0.786,0.0,0.38,0.751,-3.417,0.091,150.028
192280,0.631,0.0841,0.924,3.59e-06,0.084,0.755,-5.589,0.146,100.045
214520,0.531,0.000105,0.864,2.05e-06,0.346,0.402,-2.978,0.0433,126.02
185640,0.787,0.0915,0.848,0.0,0.15,0.947,-4.696,0.0549,121.989
269666,0.856,0.00801,0.609,8.15e-05,0.0344,0.928,-7.223,0.0824,114.988
199263,0.752,0.0324,0.775,0.0,0.351,0.595,-7.289,0.0546,122.014
234786,0.421,0.0132,0.822,0.0,0.092,0.751,-4.415,0.0542,171.935
219146,0.774,0.152,0.753,0.0,0.0371,0.896,-5.446,0.0517,119.002
232720,0.647,0.219,0.822,0.0,0.0908,0.962,-4.662,0.183,160.019
254640,0.637,0.063,0.929,0.00796,0.318,0.604,-6.03,0.0447,136.482
232946,0.608,0.0991,0.86,0.0,0.262,0.437,-5.324,0.0554,127.075
235545,0.851,0.568,0.541,0.0,0.13,0.448,-6.825,0.0505,124.959
238626,0.707,0.0863,0.813,0.0,0.168,0.722,-4.515,0.0571,124.921
233478,0.726,0.049,0.698,0.0,0.309,0.867,-4.165,0.0431,143.994
212973,0.541,0.0178,0.899,2.95e-06,0.286,0.829,-6.261,0.0633,106.676
225360,0.731,0.0352,0.853,0.0,0.268,0.605,-4.219,0.0363,108.016
229360,0.721,0.0921,0.802,0.0,0.694,0.724,-5.797,0.0583,124.022
229813,0.68,0.175,0.942,0.0013,0.117,0.647,-4.208,0.0631,123.976
222160,0.631,0.199,0.927,0.119,0.148,0.465,-2.787,0.0332,123.962
211426,0.704,0.0137,0.761,0.0,0.0487,0.907,-4.659,0.0347,97.002
205474,0.673,0.0248,0.842,0.0,0.294,0.509,-4.666,0.039,121.986
267866,0.545,0.00617,0.675,0.00197,0.209,0.162,-6.474,0.0279,124.97
207506,0.607,0.0541,0.82,6.8e-05,0.269,0.768,-7.754,0.0597,126.988
243533,0.767,0.0113,0.682,0.00016,0.104,0.833,-5.02,0.042,127.975
264893,0.76,0.0144,0.801,1.49e-05,0.665,0.653,-3.769,0.0534,109.919
211160,0.633,0.297,0.673,0.0,0.206,0.659,-6.403,0.258,86.776
248133,0.706,0.0588,0.89,0.00286,0.306,0.684,-4.444,0.0688,128.011
236440,0.728,0.0144,0.892,0.0,0.469,0.826,-5.172,0.126,117.976
182120,0.495,0.00027,0.878,9.02e-05,0.07,0.825,-3.266,0.0361,193.947
157152,0.711,0.00952,0.906,1.64e-05,0.153,0.824,-2.671,0.0284,125.916
234826,0.655,0.1,0.791,0.000124,0.334,0.862,-8.923,0.0302,118.981
235493,0.696,0.587,0.679,0.0,0.165,0.527,-7.363,0.0305,128.982
222706,0.74,0.0357,0.622,4.85e-05,0.356,0.556,-4.608,0.0446,104.966
212424,0.672,0.469,0.578,0.0,0.312,0.548,-6.621,0.0569,113.945
219240,0.666,0.123,0.968,0.0,0.347,0.834,-3.196,0.046,135.099
221973,0.738,0.131,0.864,3.22e-06,0.0683,0.961,-7.95,0.054,103.203
215480,0.801,0.0457,0.645,0.0,0.0357,0.824,-6.93,0.0356,110.01
204640,0.72,0.009,0.672,0.0,0.232,0.705,-6.852,0.0551,124.986
255093,0.545,0.0309,0.78,4.64e-05,0.0828,0.458,-4.867,0.0436,125.014
246960,0.779,0.000155,0.64,0.00077,0.101,0.498,-8.415,0.159,99.019
186146,0.778,0.672,0.566,0.000197,0.0698,0.479,-6.959,0.0311,117.971
214400,0.679,0.333,0.903,0.0,0.372,0.872,-4.914,0.0463,108.114
215042,0.719,0.0879,0.674,3.75e-06,0.112,0.843,-5.122,0.0681,125.98
217539,0.786,0.0114,0.876,0.000784,0.0796,0.966,-4.899,0.0362,103.983
215360,0.56,0.0594,0.857,0.0,0.381,0.432,-4.145,0.0384,119.975
165853,0.674,0.347,0.937,0.0,0.702,0.834,-4.454,0.0699,96.051
234493,0.657,0.581,0.639,0.0,0.278,0.674,-7.527,0.0412,124.882
200466,0.686,0.0764,0.783,0.0,0.163,0.814,-4.977,0.119,99.978
187920,0.807,0.0573,0.887,2.87e-06,0.124,0.961,-3.726,0.0503,134.052
262146,0.751,0.0206,0.736,0.0,0.265,0.352,-4.168,0.156,130.014
220731,0.796,0.427,0.845,0.000506,0.0567,0.904,-5.365,0.0374,130.231
216896,0.768,0.186,0.517,3.8e-05,0.104,0.418,-4.323,0.0312,104.992
202570,0.811,0.0134,0.935,0.411,0.0244,0.968,-4.595,0.0407,138.479
224258,0.854,0.0242,0.766,0.0,0.0793,0.784,-4.697,0.141,118.004
196173,0.744,0.00328,0.891,0.283,0.143,0.911,-7.271,0.0368,129.978
202266,0.843,0.14,0.881,0.0,0.0765,0.876,-3.951,0.0581,110.621
238706,0.745,0.153,0.869,0.0,0.139,0.963,-4.828,0.0574,125.005
216333,0.528,0.0159,0.886,0.0,0.0758,0.8,-6.249,0.0329,96.001
240773,0.581,0.00424,0.801,0.00171,0.0326,0.692,-12.282,0.0306,128.179
187626,0.672,0.0048,0.907,3.4e-05,0.156,0.746,-5.069,0.0721,128.027
206040,0.768,0.109,0.919,1.14e-06,0.366,0.862,-6.066,0.0416,116.649
192190,0.688,0.0215,0.702,0.0,0.128,0.74,-4.792,0.0499,94.006
254653,0.467,0.0866,0.757,0.0,0.0742,0.383,-3.01,0.0517,131.993
196200,0.592,0.000219,0.842,0.0,0.0934,0.898,-6.681,0.0353,107.015
241066,0.719,0.00225,0.795,0.00664,0.34,0.844,-7.232,0.0387,124.694
278719,0.449,0.0509,0.585,8.75e-05,0.0833,0.212,-6.761,0.0268,139.631
205360,0.663,0.00127,0.95,0.00492,0.0753,0.697,-4.21,0.0621,116.02
237120,0.82,0.0133,0.731,1.94e-05,0.131,0.793,-6.02,0.159,127.076
268186,0.624,0.305,0.868,1.38e-05,0.186,0.806,-5.867,0.0269,111.143
226133,0.507,0.00963,0.847,0.0,0.146,0.564,-3.806,0.036,135.232
178560,0.874,0.0412,0.692,7.24e-05,0.324,0.937,-5.28,0.0431,116.017
219043,0.636,0.0185,0.815,0.0,0.163,0.636,-5.098,0.0581,123.063
220293,0.622,0.103,0.807,0.0,0.306,0.892,-6.752,0.408,174.06
225373,0.762,0.15,0.661,0.0,0.256,0.769,-6.075,0.0687,130.009
223666,0.681,0.357,0.697,0.0,0.388,0.775,-11.063,0.0327,119.956
253306,0.634,0.0771,0.69,0.0,0.132,0.645,-7.804,0.052,94.988
216693,0.627,0.468,0.768,0.0,0.126,0.802,-7.775,0.0625,100.071
189093,0.619,0.0194,0.72,1.68e-06,0.218,0.852,-6.584,0.0275,120.874
169866,0.659,0.154,0.911,0.000304,0.191,0.576,-2.28,0.0786,91.999
214846,0.791,0.037,0.862,2.19e-05,0.0814,0.592,-3.24,0.11,123.994
171360,0.597,0.00427,0.837,0.00114,0.839,0.447,-6.518,0.375,126.342
268653,0.683,0.00481,0.937,0.0046,0.07,0.619,-6.335,0.0449,104.872
238506,0.849,0.00301,0.599,0.000249,0.0763,0.761,-8.164,0.227,126.003
207613,0.715,0.175,0.812,0.000134,0.044,0.554,-5.758,0.062,128.04
214819,0.751,0.0504,0.901,0.00308,0.0395,0.973,-5.802,0.0328,124.017
170000,0.678,0.467,0.61,0.0,0.397,0.919,-10.509,0.0306,117.04
243160,0.425,0.00414,0.954,0.0,0.0555,0.933,-3.756,0.0476,178.043
198001,0.828,0.548,0.56,3.66e-05,0.15,0.872,-6.685,0.0327,122.054
215693,0.668,0.0191,0.857,6.71e-06,0.0385,0.748,-2.944,0.0535,131.959
283747,0.822,0.259,0.969,0.000153,0.39,0.765,-11.471,0.0582,128.007
194906,0.48,0.137,0.832,0.0,0.354,0.648,-5.663,0.0426,186.875
194360,0.728,0.148,0.794,0.0,0.0688,0.523,-3.992,0.0635,112.071
217106,0.655,0.14,0.822,0.0,0.298,0.859,-5.755,0.211,171.983
220640,0.824,0.00521,0.836,0.000817,0.112,0.716,-5.903,0.0404,122.014
263826,0.853,0.00334,0.599,7.93e-06,0.0759,0.843,-4.756,0.0411,119.993
201240,0.672,0.0362,0.655,0.0,0.117,0.556,-5.021,0.0311,134.945
248337,0.405,0.0948,0.846,0.0,0.0666,0.602,-3.57,0.195,82.232
200373,0.731,0.0395,0.867,0.0,0.0861,0.776,-5.881,0.032,104.019
255506,0.667,0.189,0.716,0.0,0.104,0.493,-5.21,0.0349,108.002
173693,0.705,0.0978,0.936,0.000124,0.0506,0.939,-5.109,0.0306,109.004
278186,0.673,0.0325,0.819,0.000113,0.138,0.491,-4.272,0.0435,120.016
192533,0.802,0.0011,0.903,0.0,0.173,0.96,-3.267,0.046,128.93
203333,0.829,0.226,0.915,1.25e-05,0.246,0.779,-3.205,0.106,118.903
231626,0.726,0.00217,0.938,1.89e-06,0.286,0.978,-2.52,0.0419,126.024
215533,0.899,0.0499,0.857,0.0299,0.112,0.961,-6.128,0.037,125.072
296960,0.702,0.014,0.875,0.0,0.0872,0.905,-3.588,0.0283,103.002
248413,0.794,0.0426,0.811,1.07e-06,0.101,0.862,-8.966,0.038,116.047
241666,0.543,0.137,0.642,0.0,0.243,0.749,-6.533,0.0888,117.923
251240,0.788,0.25,0.844,0.000678,0.0723,0.382,-3.131,0.0334,113.324
199480,0.707,0.1,0.861,0.0,0.191,0.795,-4.225,0.316,130.021
239960,0.744,0.627,0.453,0.421,0.0898,0.122,-11.977,0.0348,103.773
231373,0.648,0.021,0.942,0.0,0.0594,0.73,-2.881,0.0878,129.007
219493,0.727,0.00417,0.937,0.0,0.091,0.749,-2.871,0.286,132.067
254933,0.518,0.174,0.901,0.0314,0.0712,0.873,-3.749,0.093,115.026
247026,0.738,0.0034,0.922,0.0,0.0986,0.689,-3.94,0.0833,116.024
263093,0.631,0.0457,0.77,0.0,0.481,0.734,-5.315,0.0267,102.348
230640,0.766,0.0263,0.563,0.683,0.115,0.964,-7.516,0.0339,126.007
218733,0.832,0.0791,0.838,0.0,0.152,0.965,-5.414,0.0421,100.021
235213,0.727,0.103,0.974,0.000532,0.174,0.965,-2.261,0.0664,79.526
215106,0.459,0.604,0.575,0.0,0.0885,0.183,-4.858,0.0573,111.881
169973,0.773,0.836,0.437,2.42e-05,0.544,0.707,-8.281,0.0963,103.861
242013,0.585,0.721,0.436,1.31e-05,0.105,0.132,-8.761,0.0601,143.874
208211,0.545,0.969,0.366,0.267,0.641,0.1,-9.51,0.0378,86.997
161612,0.372,0.436,0.255,0.0,0.33,0.254,-6.834,0.0344,114.402
218883,0.713,0.841,0.452,0.0038,0.105,0.235,-9.638,0.0295,102.963
198370,0.449,0.524,0.465,1.02e-06,0.303,0.543,-8.964,0.0791,89.087
175933,0.395,0.765,0.443,9.67e-06,0.0839,0.338,-9.72,0.133,168.924
202009,0.608,0.854,0.358,0.0186,0.113,0.365,-10.018,0.0253,103.94
212496,0.671,0.705,0.336,0.00751,0.0577,0.518,-8.494,0.241,75.051
226909,0.692,0.306,0.552,2.34e-05,0.11,0.152,-9.397,0.0345,109.992
269560,0.422,0.922,0.264,0.0,0.132,0.331,-7.064,0.0322,119.93
181714,0.498,0.952,0.0942,0.0,0.13,0.299,-18.713,0.126,139.218
160790,0.633,0.515,0.242,0.0,0.0839,0.694,-8.523,0.0761,98.219
204090,0.588,0.000327,0.894,0.0,0.351,0.728,-4.747,0.0347,123.966
182160,0.501,0.751,0.405,0.0,0.105,0.446,-5.679,0.0319,109.891
222997,0.735,0.334,0.369,0.0,0.126,0.235,-9.682,0.0688,140.004
227093,0.371,0.748,0.268,0.0517,0.104,0.165,-10.506,0.0281,102.617
201083,0.572,0.587,0.406,4.48e-06,0.102,0.265,-8.624,0.0427,119.812
258986,0.614,0.607,0.379,0.000464,0.0986,0.201,-10.48,0.0476,107.989
239000,0.258,0.101,0.437,1.27e-06,0.106,0.0967,-6.593,0.039,180.043
204326,0.329,0.918,0.235,0.0,0.137,0.22,-7.699,0.0303,171.006
196077,0.367,0.978,0.111,3.97e-05,0.0897,0.198,-14.084,0.0972,82.642
184638,0.629,0.884,0.306,0.0776,0.124,0.191,-11.735,0.0424,76.994
202826,0.638,0.753,0.259,0.0,0.219,0.269,-10.706,0.0898,88.485
275280,0.71,0.965,0.0565,0.0,0.0889,0.348,-15.099,0.0534,123.994
205785,0.501,0.0195,0.904,0.0,0.156,0.603,-5.243,0.0866,180.066
158536,0.53,0.385,0.593,0.0,0.314,0.538,-7.286,0.0545,125.723
37640,0.336,0.942,0.231,0.0,0.188,0.429,-6.217,0.0497,168.685
202496,0.52,0.922,0.119,0.0,0.0883,0.355,-12.148,0.0407,69.217
177173,0.59,0.393,0.62,0.000534,0.108,0.652,-8.312,0.0862,95.244
266432,0.466,0.947,0.113,7.53e-05,0.0986,0.104,-13.325,0.0414,125.369
175026,0.453,0.728,0.383,0.0,0.387,0.333,-11.015,0.163,105.029
210163,0.326,0.89,0.357,0.00527,0.178,0.326,-11.124,0.0303,116.147
137250,0.471,0.953,0.229,0.0,0.0909,0.358,-6.504,0.0358,68.41
121886,0.669,0.883,0.308,0.0,0.0984,0.52,-10.068,0.029,64.934
211466,0.358,0.695,0.557,0.0,0.0902,0.494,-7.398,0.059,85.043
201065,0.754,0.204,0.582,0.0,0.0718,0.828,-6.957,0.089,133.91
260285,0.681,0.837,0.174,3.35e-05,0.0983,0.231,-8.745,0.0315,112.672
245425,0.704,0.902,0.225,0.657,0.106,0.243,-14.454,0.0994,120.006
196373,0.553,0.697,0.586,0.0,0.0813,0.443,-6.319,0.0362,126.684
188903,0.499,0.00217,0.82,5.03e-05,0.169,0.388,-6.396,0.0431,154.945
215045,0.352,0.901,0.361,0.224,0.191,0.273,-14.953,0.0356,147.931
248986,0.378,0.472,0.388,0.0,0.157,0.188,-9.017,0.036,72.293
211453,0.613,0.526,0.739,0.0,0.149,0.712,-6.478,0.0311,104.966
223346,0.556,0.0689,0.538,0.0,0.196,0.291,-5.408,0.0382,143.95
163586,0.473,0.941,0.203,0.0,0.126,0.419,-12.627,0.102,168.884
229412,0.442,0.0984,0.585,0.391,0.14,0.116,-10.332,0.0964,97.565
171573,0.647,0.78,0.309,7.41e-06,0.202,0.195,-7.948,0.0366,87.045
185560,0.735,0.0304,0.542,0.0,0.107,0.299,-6.244,0.0829,151.529
219800,0.468,0.00568,0.936,0.0,0.24,0.663,-3.683,0.0455,75.05
160184,0.699,0.779,0.304,0.000993,0.137,0.271,-11.192,0.0993,119.705
208627,0.696,0.0251,0.525,0.0,0.138,0.588,-7.594,0.0704,152.994
201707,0.708,0.0956,0.648,0.0,0.134,0.338,-5.626,0.0449,143.955
212120,0.662,0.312,0.714,0.0,0.179,0.464,-5.68,0.121,147.997
169265,0.667,0.785,0.373,0.0,0.0906,0.0823,-9.389,0.05,124.148
208687,0.464,0.866,0.473,0.0,0.109,0.604,-10.086,0.129,75.801
190102,0.674,0.02,0.85,0.0,0.128,0.476,-5.104,0.0275,109.988
205686,0.688,0.443,0.53,0.0,0.0995,0.162,-5.507,0.0333,106.958
198853,0.618,0.469,0.443,0.0,0.0829,0.167,-9.681,0.0526,119.949
155205,0.671,0.75,0.337,1.38e-06,0.11,0.12,-9.762,0.0605,119.716
156106,0.708,0.868,0.186,0.0,0.0779,0.322,-8.953,0.042,72.541
240187,0.599,0.103,0.485,0.000118,0.161,0.201,-11.955,0.0302,129.783
198040,0.357,0.584,0.425,0.0,0.322,0.27,-7.301,0.0333,102.078
252373,0.5,0.213,0.64,5.96e-05,0.107,0.351,-7.668,0.0312,84.962
179120,0.507,0.855,0.204,0.0,0.143,0.343,-11.575,0.0504,77.765
214093,0.615,0.604,0.422,0.0,0.112,0.185,-8.019,0.0504,135.859
205985,0.714,0.0607,0.473,0.0,0.352,0.557,-8.807,0.234,141.901
209093,0.721,0.755,0.389,0.0,0.136,0.465,-8.558,0.0279,98.003
203320,0.751,0.653,0.354,0.0,0.101,0.315,-7.867,0.027,95.016
169353,0.652,0.74,0.557,0.0,0.124,0.483,-5.714,0.0318,150.073
115401,0.76,0.00772,0.371,0.0,0.0785,0.653,-8.964,0.0531,138.023
153466,0.475,0.183,0.432,0.0,0.161,0.648,-7.844,0.0302,94.605
217293,0.689,0.158,0.505,0.0,0.138,0.312,-6.389,0.0933,99.017
152666,0.369,0.866,0.272,0.0,0.147,0.218,-10.497,0.0364,172.929
219146,0.469,0.897,0.08,4.22e-05,0.112,0.206,-15.489,0.0425,101.238
306573,0.536,0.778,0.435,0.000186,0.107,0.276,-9.768,0.0399,151.863
134197,0.811,0.227,0.609,0.0,0.102,0.439,-8.376,0.0996,120.071
210772,0.653,0.194,0.809,0.0,0.165,0.55,-4.057,0.0474,92.213
134328,0.765,0.19,0.523,0.0,0.145,0.649,-7.527,0.04,143.003
171575,0.467,0.502,0.543,0.0,0.147,0.133,-6.022,0.0383,79.843
220492,0.736,0.946,0.308,0.0,0.186,0.361,-7.83,0.0677,111.202
170232,0.661,0.0104,0.553,0.0,0.134,0.124,-7.233,0.132,114.868
181613,0.795,0.607,0.178,0.0,0.623,0.608,-11.991,0.0574,93.982
223771,0.601,0.105,0.655,0.000782,0.12,0.409,-6.342,0.0292,106.009
266626,0.555,0.948,0.0739,0.0,0.108,0.25,-13.961,0.0517,139.149
205463,0.55,0.161,0.415,0.0,0.108,0.274,-6.557,0.052,172.065
195573,0.682,0.596,0.443,0.00539,0.266,0.582,-10.787,0.0554,99.891
208586,0.613,0.000355,0.658,0.0073,0.0866,0.466,-7.009,0.0364,131.012
199386,0.551,0.659,0.386,0.0,0.125,0.245,-10.22,0.132,116.409
119133,0.872,0.469,0.391,4.13e-06,0.297,0.437,-9.144,0.242,134.021
228433,0.609,0.287,0.668,0.0104,0.0974,0.212,-4.515,0.0308,82.975
173333,0.726,0.731,0.431,0.0,0.696,0.348,-8.765,0.135,144.026
254013,0.436,0.588,0.473,4.35e-05,0.103,0.242,-7.24,0.0307,108.906
229029,0.614,0.911,0.126,0.0,0.148,0.351,-9.403,0.0376,119.945
217680,0.608,0.749,0.215,0.0,0.119,0.255,-12.451,0.0404,147.846
229226,0.38,0.691,0.339,0.0,0.12,0.0849,-7.885,0.0338,100.607
280324,0.459,0.708,0.356,0.00266,0.137,0.189,-11.063,0.0267,142.889
152796,0.583,0.593,0.444,0.0,0.353,0.167,-8.601,0.0456,119.59
158367,0.623,0.58,0.361,0.0,0.254,0.689,-9.612,0.263,73.609
200185,0.351,0.934,0.296,0.0,0.095,0.12,-10.109,0.0333,115.284
187931,0.522,0.894,0.128,0.026,0.0941,0.124,-18.717,0.0357,109.986
242808,0.665,0.00604,0.617,0.0015,0.299,0.393,-10.845,0.028,131.963
209560,0.443,0.388,0.298,1e-05,0.103,0.172,-12.181,0.0644,77.253
256688,0.572,0.835,0.155,0.000137,0.0906,0.0949,-14.405,0.0344,109.923
194871,0.668,0.398,0.547,0.0766,0.0931,0.192,-8.024,0.0353,83.5
165000,0.666,0.0437,0.654,0.00193,0.125,0.378,-7.84,0.0286,108.044
185146,0.453,0.827,0.35,0.00122,0.144,0.279,-11.639,0.0425,72.017
226285,0.514,0.858,0.622,0.88,0.105,0.122,-7.381,0.0341,139.973
244360,0.445,0.695,0.537,1.65e-05,0.0944,0.131,-8.532,0.04,122.769
186285,0.576,0.766,0.467,0.0,0.234,0.528,-7.648,0.0298,104.932
206458,0.505,0.576,0.34,0.0,0.21,0.0916,-9.005,0.0438,101.993
209797,0.429,0.232,0.494,1.35e-06,0.106,0.503,-9.994,0.511,167.777
201933,0.266,0.905,0.0596,7.07e-05,0.132,0.143,-18.515,0.0363,181.74
101533,0.703,0.991,0.157,0.00452,0.0912,0.567,-11.1,0.0437,92.608
260000,0.502,0.463,0.686,0.0,0.101,0.163,-8.224,0.0584,94.833
167500,0.607,0.0118,0.553,0.0343,0.0989,0.624,-13.986,0.0965,93.119
181354,0.569,0.0434,0.513,0.0,0.219,0.294,-6.405,0.042,154.966
244820,0.661,0.546,0.393,0.000131,0.11,0.165,-8.199,0.0554,83.851
185413,0.328,0.823,0.602,8.09e-06,0.288,0.541,-6.933,0.071,78.978
195358,0.725,0.982,0.199,0.00395,0.1,0.264,-12.478,0.0357,120.031
228106,0.745,0.698,0.35,0.00197,0.365,0.39,-11.377,0.106,80.068
267520,0.379,0.707,0.219,0.000691,0.118,0.188,-11.196,0.0307,79.786
194409,0.559,0.283,0.723,0.0,0.457,0.379,-5.257,0.0331,143.892
173840,0.395,0.916,0.174,0.00602,0.104,0.221,-10.313,0.043,73.773
218754,0.331,0.365,0.45,0.00464,0.22,0.18,-5.362,0.034,123.829
209493,0.675,0.633,0.479,1.76e-05,0.088,0.454,-9.87,0.0278,81.998
140000,0.544,0.0163,0.809,2.63e-06,0.335,0.454,-6.056,0.0479,150.084
189062,0.544,0.0156,0.704,0.0,0.164,0.265,-5.678,0.0435,80.029
186170,0.783,0.646,0.569,0.0,0.14,0.364,-8.882,0.341,123.988
170263,0.587,0.121,0.466,0.0,0.297,0.204,-10.911,0.0352,113.97
241066,0.693,0.77,0.322,0.506,0.0939,0.518,-11.224,0.0314,141.042
190387,0.628,0.755,0.329,0.00198,0.102,0.413,-12.605,0.0292,104.038
117002,0.86,0.862,0.302,0.269,0.168,0.935,-19.123,0.148,113.987
167000,0.616,0.0134,0.572,0.0,0.0758,0.246,-12.779,0.0491,115.008
266541,0.503,0.981,0.339,0.489,0.103,0.353,-14.84,0.0387,187.782
198878,0.556,0.189,0.54,0.43,0.0774,0.238,-10.013,0.0356,103.877
207973,0.477,0.928,0.242,0.0,0.0818,0.488,-9.162,0.0529,43.509
217241,0.571,0.3,0.453,1.91e-06,0.0948,0.26,-15.305,0.0514,115.987
153658,0.569,0.675,0.376,0.498,0.111,0.312,-6.622,0.121,80.099
149189,0.619,0.9,0.241,0.0,0.116,0.0719,-7.102,0.046,79.461
174062,0.451,0.786,0.464,5.34e-06,0.116,0.588,-8.555,0.0621,96.145
178846,0.415,0.0316,0.84,1.21e-05,0.131,0.32,-3.945,0.0447,78.09
320466,0.509,0.218,0.79,0.125,0.144,0.625,-7.105,0.0293,147.073
197732,0.629,0.768,0.328,2.5e-05,0.103,0.389,-8.284,0.029,74.953
179607,0.684,0.525,0.669,1.62e-05,0.274,0.362,-10.037,0.0664,130.936
193024,0.627,0.274,0.529,2.09e-05,0.111,0.268,-6.395,0.0572,104.95
203294,0.556,0.719,0.539,5.36e-05,0.104,0.227,-6.401,0.0243,85.044
257720,0.576,0.337,0.835,0.0,0.082,0.476,-6.826,0.0486,150.017
159477,0.611,0.523,0.487,4.94e-05,0.243,0.427,-7.14,0.0471,85.965
211956,0.721,0.287,0.487,3.79e-06,0.118,0.205,-14.124,0.0873,77.013
168000,0.65,0.501,0.518,0.0,0.118,0.159,-6.794,0.0385,150.016
122728,0.604,0.213,0.62,0.0,0.0822,0.142,-9.29,0.0535,90.07
193600,0.71,0.701,0.356,0.0,0.0988,0.542,-12.336,0.079,150.062
192026,0.699,0.75,0.256,0.00136,0.105,0.588,-18.752,0.0327,135.023
98742,0.675,0.174,0.691,0.0,0.298,0.273,-6.026,0.091,87.513
161756,0.619,0.279,0.635,0.00312,0.108,0.164,-7.923,0.141,83.96
168864,0.506,0.449,0.434,0.0,0.257,0.231,-11.582,0.0529,91.307
157417,0.715,0.339,0.778,0.0,0.409,0.759,-6.119,0.0388,145.041
124089,0.529,0.727,0.488,0.0,0.112,0.293,-9.593,0.0999,140.275
223346,0.556,0.0689,0.538,0.0,0.196,0.291,-5.408,0.0382,143.95
165819,0.671,0.0769,0.529,0.000335,0.0856,0.203,-7.226,0.307,161.989
233023,0.724,0.388,0.269,0.0,0.0808,0.866,-15.465,0.0456,86.042
239835,0.511,0.349,0.566,0.0,0.34,0.218,-7.23,0.2,83.903
225857,0.655,0.474,0.441,0.0,0.099,0.273,-5.245,0.0629,139.957
240050,0.685,0.328,0.692,0.0,0.153,0.578,-5.122,0.0457,159.966
131213,0.63,0.0131,0.63,0.0,0.142,0.163,-6.211,0.0395,80.512
146520,0.797,0.0172,0.533,0.000152,0.103,0.329,-9.74,0.0412,131.036
109479,0.768,0.261,0.537,0.0,0.114,0.52,-6.858,0.0637,82.45
149520,0.48,0.0798,0.454,0.0,0.118,0.0811,-11.595,0.114,175.005
160184,0.699,0.779,0.304,0.000993,0.137,0.271,-11.192,0.0993,119.705
95466,0.734,0.847,0.57,2.14e-05,0.112,0.689,-7.066,0.133,129.953
119133,0.872,0.469,0.391,4.13e-06,0.297,0.437,-9.144,0.242,134.021
191840,0.594,0.115,0.798,0.0,0.143,0.381,-5.244,0.0844,142.049
248431,0.745,0.0758,0.561,0.0,0.133,0.449,-4.869,0.0807,77.557
242180,0.706,0.0417,0.625,0.0,0.129,0.225,-7.426,0.0314,142.948
231297,0.543,0.0739,0.492,0.0,0.11,0.107,-7.432,0.156,220.099
222997,0.735,0.334,0.369,0.0,0.126,0.235,-9.682,0.0688,140.004
181890,0.649,0.627,0.453,0.0,0.116,0.431,-7.28,0.085,99.183
177847,0.731,0.107,0.65,0.0,0.124,0.605,-5.286,0.271,154.968
194621,0.65,0.00336,0.613,0.0,0.267,0.0804,-6.13,0.128,149.972
203881,0.676,0.0509,0.578,0.0,0.0796,0.698,-4.669,0.375,158.896
264746,0.657,0.352,0.421,0.000218,0.187,0.181,-11.378,0.412,174.063
220487,0.735,0.629,0.449,0.0,0.113,0.0397,-7.507,0.347,122.947
170538,0.642,0.032,0.562,0.0,0.168,0.177,-4.869,0.0812,158.001
195046,0.892,0.0467,0.633,0.000189,0.139,0.459,-7.471,0.0902,137.994
237506,0.759,0.515,0.245,0.000154,0.102,0.209,-6.545,0.138,96.992
246987,0.946,0.219,0.646,0.0,0.0643,0.961,-6.604,0.21,127.978
174315,0.75,0.0593,0.476,0.0,0.199,0.123,-7.864,0.0412,94.995
183703,0.715,0.373,0.574,0.0,0.174,0.337,-6.236,0.0817,157.0
159669,0.733,0.0513,0.389,0.0,0.141,0.244,-8.468,0.0738,157.878
221746,0.703,0.617,0.757,0.0,0.106,0.696,-3.612,0.05,82.008
127200,0.77,0.138,0.576,0.0,0.08,0.364,-11.845,0.339,166.162
164576,0.615,0.893,0.444,8.06e-06,0.127,0.125,-6.773,0.0282,120.098
347226,0.492,0.646,0.26,0.00178,0.0705,0.312,-17.341,0.0921,111.519
243356,0.707,0.0397,0.622,0.0,0.149,0.223,-6.951,0.031,142.942
174192,0.538,0.308,0.52,0.0,0.214,0.551,-11.063,0.737,180.274
158532,0.85,0.763,0.516,0.0,0.0896,0.874,-7.664,0.0714,108.963
208517,0.623,0.426,0.608,0.0,0.105,0.263,-5.937,0.0434,84.98
195268,0.6,0.109,0.723,0.0,0.167,0.463,-4.928,0.158,149.881
174182,0.606,0.00554,0.532,0.0,0.292,0.156,-4.833,0.0777,89.079
125571,0.788,0.0375,0.656,0.0,0.127,0.549,-6.974,0.047,138.981
117013,0.719,0.632,0.538,0.0,0.135,0.803,-6.897,0.28,204.132
123399,0.803,0.0957,0.569,0.0,0.0976,0.26,-6.366,0.0705,95.009
220240,0.51,0.801,0.619,0.0,0.0811,0.321,-7.918,0.281,97.018
175755,0.665,0.0414,0.651,0.0,0.0896,0.237,-5.515,0.156,163.935
258475,0.742,0.0381,0.579,0.0,0.0952,0.502,-5.024,0.202,144.994
176443,0.631,0.0963,0.709,0.0,0.376,0.2,-4.666,0.0505,84.504
214245,0.758,0.0558,0.932,0.0,0.097,0.592,-2.809,0.0372,125.993
122285,0.62,0.128,0.451,0.0,0.373,0.294,-7.623,0.17,156.906
192859,0.631,0.0811,0.672,0.0,0.154,0.282,-4.583,0.0347,119.948
244193,0.523,0.000616,0.678,0.0,0.142,0.277,-6.071,0.0692,159.909
240428,0.677,0.138,0.688,0.0,0.114,0.198,-4.058,0.0633,98.049
161985,0.766,0.775,0.548,5.57e-06,0.1,0.424,-4.29,0.235,82.944
161764,0.644,0.473,0.587,0.0,0.0759,0.68,-6.736,0.353,173.972
224000,0.567,0.354,0.515,0.0,0.078,0.321,-10.265,0.247,120.1
195586,0.71,0.128,0.49,0.0,0.0942,0.621,-9.832,0.246,74.351
204000,0.776,0.149,0.64,0.0,0.101,0.326,-8.058,0.184,160.038
189322,0.474,0.0687,0.631,0.0,0.132,0.425,-5.884,0.343,180.051
191018,0.756,0.0829,0.512,8.8e-06,0.113,0.303,-10.259,0.122,151.008
121680,0.767,0.68,0.538,0.0,0.192,0.343,-6.044,0.052,81.031
143712,0.638,0.22,0.539,0.0,0.241,0.247,-5.853,0.0504,83.381
150475,0.8,0.334,0.526,0.00174,0.0571,0.746,-5.153,0.0716,129.874
126521,0.719,0.232,0.598,0.0,0.115,0.303,-6.254,0.077,142.592
221419,0.76,0.505,0.568,0.0,0.107,0.414,-3.92,0.0558,77.482
122112,0.763,0.639,0.542,0.0,0.113,0.504,-6.753,0.148,142.031
166605,0.74,0.258,0.613,0.00372,0.123,0.473,-4.88,0.145,75.023
231266,0.68,0.331,0.578,0.0,0.135,0.341,-5.804,0.04,145.038
199386,0.551,0.659,0.386,0.0,0.125,0.245,-10.22,0.132,116.409
322586,0.536,0.513,0.708,0.0,0.0951,0.09,-7.882,0.758,78.33
161384,0.662,0.213,0.413,0.0,0.134,0.467,-7.357,0.0299,93.005
175568,0.695,0.00202,0.566,0.0,0.167,0.388,-7.484,0.124,80.029
157776,0.735,0.653,0.525,0.918,0.101,0.369,-2.939,0.0441,160.147
167996,0.445,0.82,0.606,0.0,0.117,0.375,-6.279,0.0778,86.712
172220,0.9,0.362,0.481,0.0,0.0887,0.793,-5.605,0.0721,99.977
121886,0.669,0.883,0.308,0.0,0.0984,0.52,-10.068,0.029,64.934
228720,0.638,0.0102,0.624,0.0,0.0944,0.445,-5.37,0.0798,159.937
162981,0.373,0.0568,0.717,0.0,0.114,0.293,-5.833,0.083,109.977
187006,0.794,0.208,0.459,7.17e-06,0.12,0.266,-7.404,0.0941,149.033
181688,0.487,0.157,0.74,0.0,0.612,0.522,-4.973,0.0944,73.779
183567,0.389,0.038,0.768,0.0,0.119,0.334,-4.765,0.256,90.146
196202,0.373,0.166,0.539,0.0,0.139,0.075,-4.865,0.086,77.006
189977,0.699,0.308,0.687,3.63e-05,0.121,0.499,-3.997,0.106,88.932
87560,0.433,0.843,0.778,0.0,0.139,0.764,-7.681,0.041,114.208
110886,0.592,0.661,0.457,0.000331,0.146,0.225,-6.081,0.0603,146.04
208000,0.609,0.664,0.37,0.086,0.328,0.352,-13.933,0.0712,119.806
105600,0.686,0.512,0.362,0.0,0.168,0.6,-12.042,0.617,126.7
168684,0.745,0.439,0.5,0.0,0.0943,0.433,-6.184,0.135,76.968
209213,0.513,0.161,0.661,0.0,0.246,0.179,-6.419,0.24,94.791
202193,0.63,0.337,0.446,0.0,0.166,0.177,-8.9,0.0351,143.078
270453,0.51,0.214,0.643,3.22e-06,0.101,0.0397,-6.602,0.0485,130.081
223542,0.612,0.168,0.601,0.0,0.117,0.525,-7.089,0.164,147.018
228951,0.744,0.355,0.514,0.0,0.183,0.449,-6.103,0.0746,136.013
188066,0.64,0.0875,0.789,0.0,0.147,0.762,-4.891,0.0644,75.018
134197,0.811,0.227,0.609,0.0,0.102,0.439,-8.376,0.0996,120.071
231857,0.789,0.38,0.652,1.57e-06,0.091,0.0775,-9.734,0.219,139.981
120215,0.564,0.759,0.374,0.0,0.0989,0.277,-14.132,0.459,97.387
163797,0.783,0.149,0.479,0.0,0.101,0.533,-10.646,0.541,176.027
194117,0.829,0.0232,0.52,0.0,0.134,0.248,-10.34,0.294,136.103
201920,0.712,0.234,0.515,0.0,0.205,0.563,-6.004,0.0857,160.0
205484,0.625,0.0172,0.814,0.0,0.158,0.535,-5.181,0.0657,144.991
205800,0.715,0.0622,0.639,0.0,0.157,0.151,-5.017,0.0752,149.996
195066,0.802,0.872,0.414,0.0,0.0863,0.377,-10.635,0.0776,131.952
215380,0.635,0.172,0.537,0.0,0.418,0.383,-7.895,0.0832,125.028
176874,0.561,0.232,0.832,0.0,0.107,0.666,-7.661,0.0717,93.991
179613,0.665,0.228,0.498,0.0,0.0757,0.127,-8.185,0.0832,81.967
245604,0.638,0.114,0.6,0.0,0.187,0.0399,-5.84,0.0438,101.981
226693,0.716,0.0991,0.729,0.0,0.0842,0.276,-6.313,0.117,131.975
186267,0.414,0.1,0.416,0.179,0.131,0.196,-8.024,0.0251,159.91
112800,0.421,0.102,0.154,0.00692,0.207,0.0949,-12.405,0.0319,99.886
203907,0.745,0.157,0.646,0.0,0.338,0.46,-6.987,0.17,79.993
205458,0.907,0.451,0.393,1.35e-06,0.135,0.202,-7.636,0.0539,104.949
138000,0.711,0.8,0.338,0.0,0.112,0.377,-6.426,0.0327,128.994
216996,0.68,0.827,0.257,2.95e-06,0.102,0.302,-11.24,0.0283,99.919
231155,0.275,0.742,0.161,2.41e-05,0.106,0.108,-12.604,0.0302,73.352
157227,0.639,0.424,0.54,0.0,0.159,0.218,-10.181,0.0481,153.126
133460,0.59,0.238,0.536,0.0,0.123,0.533,-8.977,0.214,119.958
141999,0.779,0.546,0.257,0.0,0.287,0.798,-9.345,0.0594,125.237
125596,0.595,0.34,0.504,0.0,0.067,0.469,-9.355,0.0612,80.127
105801,0.468,0.105,0.799,4.94e-06,0.0979,0.476,-7.685,0.041,84.025
189352,0.873,0.28,0.824,0.0,0.111,0.322,-4.674,0.2,141.982
137211,0.87,0.147,0.68,3.21e-06,0.0822,0.354,-7.949,0.421,140.089
187081,0.8,0.456,0.727,0.0,0.111,0.435,-8.654,0.513,76.983
166303,0.838,0.677,0.696,0.0,0.175,0.654,-6.101,0.0548,138.93
127022,0.658,0.055,0.736,0.0,0.0934,0.714,-8.215,0.0328,91.977
118409,0.447,0.234,0.589,0.0,0.139,0.5,-8.012,0.0659,85.682
147779,0.45,0.000465,0.783,6.09e-06,0.26,0.517,-8.22,0.0347,169.992
117442,0.697,0.256,0.488,0.0,0.146,0.445,-9.651,0.109,90.048
130666,0.652,0.186,0.608,0.0,0.116,0.491,-7.996,0.0525,95.061
140068,0.641,0.461,0.652,0.0,0.267,0.557,-6.811,0.14,77.048
142584,0.559,0.173,0.444,0.0,0.198,0.334,-9.174,0.101,87.279
160719,0.691,0.0328,0.513,0.0,0.08,0.573,-9.261,0.041,109.942
153527,0.749,0.523,0.661,0.0,0.124,0.833,-9.096,0.129,143.974
128000,0.61,0.619,0.307,0.000919,0.116,0.49,-16.618,0.0451,150.004
127142,0.651,0.365,0.224,0.0482,0.0756,0.119,-17.877,0.128,167.953
137806,0.587,0.313,0.421,0.143,0.124,0.418,-17.249,0.0409,155.02
179226,0.72,0.08,0.248,0.00515,0.113,0.553,-18.634,0.055,149.951
130037,0.83,0.483,0.26,0.00293,0.131,0.639,-17.686,0.0483,119.973
165360,0.68,0.138,0.638,0.00184,0.11,0.753,-9.077,0.0275,134.981
198857,0.622,0.691,0.201,0.0,0.167,0.165,-14.859,0.0432,139.945
120000,0.532,0.933,0.208,0.929,0.102,0.366,-17.916,0.0409,80.021
114203,0.79,0.656,0.446,0.931,0.0933,0.222,-9.273,0.052,80.002
120546,0.753,0.48,0.355,0.87,0.122,0.506,-13.295,0.0898,111.863
116842,0.6,0.953,0.267,0.875,0.107,0.255,-12.964,0.0642,151.869
91832,0.648,0.55,0.499,0.933,0.107,0.119,-9.724,0.0412,147.661
118400,0.336,0.717,0.447,0.906,0.141,0.319,-11.923,0.0374,75.01
119250,0.501,0.563,0.433,0.69,0.174,0.088,-16.695,0.0505,139.878
109500,0.66,0.893,0.432,0.925,0.207,0.0675,-15.667,0.106,159.979
117495,0.698,0.914,0.193,0.937,0.0882,0.607,-15.01,0.0902,84.03
136744,0.793,0.109,0.224,0.726,0.101,0.483,-11.818,0.166,86.04
186007,0.728,0.278,0.479,0.721,0.106,0.143,-9.675,0.149,80.043
123809,0.712,0.813,0.641,0.811,0.113,0.17,-10.536,0.0397,126.027
118400,0.675,0.629,0.319,0.923,0.122,0.177,-13.757,0.0453,149.998
96616,0.694,0.0388,0.704,0.831,0.0908,0.212,-10.396,0.207,74.983
143414,0.729,0.062,0.308,0.875,0.0981,0.669,-14.782,0.129,163.977
143875,0.628,0.219,0.218,0.885,0.227,0.29,-14.097,0.0326,80.032
112941,0.688,0.842,0.271,0.962,0.103,0.257,-23.331,0.137,170.004
72015,0.7,0.643,0.0786,0.941,0.112,0.568,-13.826,0.173,80.041
127058,0.709,0.416,0.444,0.87,0.111,0.178,-8.449,0.031,84.992
116589,0.645,0.0739,0.374,0.76,0.108,0.222,-16.055,0.0394,140.015
112615,0.542,0.647,0.141,0.109,0.191,0.102,-21.456,0.0749,130.018
92464,0.664,0.425,0.415,0.746,0.664,0.181,-17.534,0.141,140.025
112000,0.585,0.32,0.557,0.924,0.188,0.327,-9.7,0.0335,150.059
108642,0.68,0.783,0.631,0.879,0.109,0.424,-10.811,0.0394,139.982
123015,0.592,0.257,0.37,0.91,0.106,0.143,-10.87,0.167,80.055
82778,0.77,0.822,0.444,0.904,0.116,0.0647,-9.09,0.0675,75.0
141683,0.487,0.624,0.42,0.881,0.109,0.064,-9.923,0.0475,170.048
147391,0.829,0.452,0.437,0.937,0.0987,0.425,-13.898,0.141,91.981
118602,0.712,0.297,0.618,0.901,0.0838,0.477,-12.004,0.0716,170.174
121500,0.695,0.0491,0.473,0.26,0.135,0.773,-7.418,0.0956,160.02
129007,0.814,0.102,0.652,0.859,0.11,0.214,-9.404,0.0763,80.012
176551,0.768,0.236,0.309,0.906,0.148,0.176,-14.508,0.0911,87.028
142400,0.747,0.00552,0.414,0.713,0.111,0.761,-15.691,0.0995,150.043
129136,0.691,0.267,0.401,0.916,0.225,0.418,-5.814,0.0338,157.973
97333,0.609,0.91,0.382,0.916,0.0879,0.12,-13.286,0.103,180.123
123866,0.717,0.699,0.417,0.943,0.121,0.59,-12.677,0.046,93.048
118302,0.895,0.534,0.109,0.549,0.106,0.546,-13.853,0.0996,134.067
135529,0.733,0.715,0.313,0.929,0.115,0.548,-10.408,0.276,170.018
165230,0.714,0.87,0.572,0.886,0.121,0.238,-9.691,0.0278,130.011
96666,0.762,0.966,0.373,0.929,0.127,0.246,-12.165,0.049,89.981
123015,0.619,0.453,0.53,0.865,0.135,0.118,-8.98,0.0363,80.001
171428,0.413,0.548,0.455,0.909,0.0809,0.103,-9.679,0.0978,140.109
112000,0.677,0.915,0.172,0.944,0.0904,0.0982,-21.905,0.0985,150.155
92678,0.52,0.303,0.477,0.899,0.107,0.035,-13.251,0.0656,140.181
117131,0.638,0.0664,0.304,0.741,0.166,0.171,-11.335,0.0333,78.026
135023,0.805,0.209,0.661,0.0747,0.0978,0.364,-4.602,0.0678,80.035
123000,0.777,0.803,0.37,0.905,0.255,0.123,-15.109,0.0504,80.014
116939,0.709,0.0459,0.486,0.865,0.0773,0.354,-11.599,0.0433,155.969
129600,0.643,0.117,0.413,0.833,0.131,0.424,-10.048,0.0334,75.007
124675,0.613,0.669,0.526,0.933,0.168,0.108,-9.243,0.031,154.082
122704,0.79,0.875,0.133,0.808,0.111,0.422,-9.365,0.0915,69.997
96004,0.532,0.943,0.137,0.824,0.0852,0.0732,-19.672,0.0648,89.346
108000,0.788,0.54,0.446,0.694,0.273,0.545,-9.812,0.0693,80.033
118182,0.624,0.354,0.229,0.47,0.116,0.395,-15.698,0.046,130.069
85432,0.581,0.815,0.127,0.217,0.0919,0.0974,-14.531,0.0981,169.643
96046,0.674,0.772,0.52,0.945,0.107,0.225,-9.925,0.0334,82.47
133523,0.542,0.0244,0.573,0.742,0.122,0.484,-5.668,0.0273,80.007
139684,0.605,0.8,0.396,0.872,0.141,0.622,-11.301,0.0509,80.957
136914,0.691,0.686,0.186,0.934,0.0762,0.548,-13.672,0.0487,86.383
108078,0.87,0.499,0.146,0.941,0.105,0.889,-11.877,0.22,80.087
125370,0.637,0.959,0.284,0.353,0.0848,0.178,-20.518,0.151,134.145
123200,0.594,0.486,0.656,0.873,0.0935,0.643,-10.05,0.0287,75.007
112000,0.656,0.959,0.164,0.933,0.0996,0.48,-19.743,0.0408,76.061
114468,0.517,0.785,0.405,0.452,0.415,0.0379,-8.508,0.0356,79.996
76706,0.688,0.939,0.148,0.911,0.105,0.596,-11.134,0.424,69.739
115555,0.743,0.0495,0.22,0.848,0.18,0.591,-12.443,0.04,135.014
120015,0.669,0.565,0.536,0.0697,0.0885,0.824,-10.684,0.0381,79.993
133975,0.344,0.787,0.264,0.00186,0.121,0.167,-15.531,0.0533,76.758
131000,0.798,0.487,0.0841,0.8,0.239,0.506,-12.673,0.209,160.038
157500,0.713,0.241,0.268,0.885,0.11,0.419,-12.041,0.0458,80.024
99740,0.601,0.579,0.6,0.623,0.168,0.157,-5.152,0.0525,154.257
99820,0.718,0.567,0.248,0.915,0.125,0.192,-16.31,0.0378,79.952
135855,0.549,0.768,0.385,0.964,0.106,0.156,-13.8,0.0326,122.022
114868,0.789,0.857,0.192,0.781,0.147,0.437,-19.718,0.0798,90.014
144350,0.768,0.74,0.291,0.359,0.0987,0.246,-9.316,0.104,104.952
118153,0.69,0.128,0.277,0.462,0.117,0.115,-17.052,0.0397,130.014
108458,0.845,0.397,0.571,0.865,0.313,0.657,-10.541,0.058,134.996
139046,0.789,0.742,0.334,0.91,0.0805,0.573,-6.802,0.0824,38.006
195136,0.717,0.802,0.193,0.893,0.0653,0.0447,-16.141,0.0459,109.992
112300,0.599,0.89,0.493,0.864,0.248,0.37,-10.691,0.229,75.236
124461,0.755,0.964,0.323,0.897,0.0794,0.0735,-13.228,0.038,127.985
102416,0.521,0.65,0.289,0.843,0.0878,0.0715,-12.812,0.0292,74.987
142182,0.843,0.538,0.256,0.114,0.133,0.655,-13.565,0.0752,68.997
65790,0.614,0.967,0.277,0.891,0.0698,0.236,-11.943,0.042,84.938
136500,0.564,0.944,0.461,0.925,0.0914,0.454,-8.1,0.0742,179.961
127910,0.714,0.356,0.34,0.871,0.1,0.176,-15.571,0.0534,139.993
101647,0.614,0.582,0.219,0.749,0.0979,0.567,-11.579,0.138,85.043
119240,0.703,0.686,0.469,0.94,0.0963,0.321,-11.165,0.0471,78.98
111848,0.58,0.287,0.229,0.856,0.104,0.127,-16.333,0.0308,70.013
86210,0.673,0.683,0.502,0.945,0.118,0.707,-10.53,0.0315,142.534
113803,0.74,0.468,0.222,0.918,0.0782,0.148,-18.576,0.0586,139.991
113892,0.878,0.0528,0.498,0.867,0.108,0.0577,-8.624,0.0715,140.009
96232,0.654,0.302,0.497,0.932,0.0857,0.343,-15.684,0.117,140.002
144452,0.742,0.45,0.469,0.903,0.334,0.737,-8.789,0.0367,145.947
113921,0.76,0.568,0.322,0.927,0.0855,0.184,-13.638,0.0485,160.028
101151,0.744,0.231,0.158,0.852,0.104,0.112,-11.529,0.043,140.19
113892,0.757,0.0296,0.388,0.873,0.115,0.108,-10.537,0.0353,140.041
107616,0.561,0.395,0.228,0.868,0.106,0.607,-12.975,0.0573,75.006
108015,0.779,0.825,0.381,0.944,0.101,0.459,-14.127,0.342,79.976
133666,0.666,0.485,0.694,0.846,0.111,0.557,-11.944,0.0411,90.011
123446,0.471,0.875,0.21,0.926,0.101,0.04,-17.531,0.0497,69.99
242727,0.504,0.241,0.438,0.896,0.151,0.599,-13.025,0.186,88.01
86571,0.645,0.967,0.114,0.831,0.112,0.191,-15.768,0.356,78.015
96000,0.745,0.327,0.54,0.0432,0.109,0.257,-7.217,0.0557,79.992
115200,0.779,0.141,0.301,0.805,0.103,0.513,-7.239,0.0546,74.993
286265,0.555,0.507,0.631,0.889,0.0966,0.196,-7.542,0.0736,83.015
92250,0.857,0.838,0.146,0.954,0.109,0.776,-10.946,0.33,82.9
138947,0.812,0.35,0.403,0.447,0.106,0.382,-8.448,0.232,75.89
160000,0.541,0.972,0.232,0.899,0.109,0.11,-15.774,0.027,74.998
117972,0.771,0.0549,0.0562,0.677,0.191,0.104,-15.106,0.0817,86.011
120070,0.7,0.837,0.415,0.939,0.199,0.553,-8.806,0.0956,80.004
108176,0.652,0.923,0.487,0.695,0.154,0.13,-8.809,0.0521,85.053
128275,0.801,0.712,0.568,0.862,0.104,0.428,-7.413,0.0294,90.02
117446,0.657,0.0336,0.417,0.867,0.0885,0.0706,-13.133,0.0392,139.76
99754,0.566,0.14,0.307,0.672,0.109,0.241,-9.505,0.0412,77.026
194881,0.595,0.429,0.349,0.934,0.0963,0.134,-14.316,0.0327,84.998
201154,0.524,0.659,0.238,0.922,0.16,0.121,-11.163,0.0424,78.018
135775,0.664,0.0679,0.669,0.79,0.106,0.281,-6.398,0.0534,170.019
80714,0.665,0.322,0.403,0.934,0.106,0.231,-10.131,0.214,140.608
108000,0.404,0.567,0.414,0.882,0.104,0.458,-10.834,0.104,151.007
109732,0.679,0.202,0.384,0.855,0.239,0.37,-12.171,0.0318,140.186
156000,0.673,0.229,0.351,0.772,0.104,0.203,-8.386,0.0402,80.008
150966,0.804,0.922,0.577,0.939,0.113,0.181,-14.929,0.14,79.486
117283,0.578,0.805,0.228,0.82,0.105,0.0456,-12.589,0.0311,74.988
130677,0.665,0.845,0.597,0.919,0.11,0.81,-9.669,0.274,78.681
207483,0.724,0.185,0.105,0.929,0.343,0.308,-14.478,0.0613,155.069
153846,0.58,0.793,0.439,0.643,0.707,0.134,-11.073,0.0531,77.996
135807,0.66,0.947,0.48,0.657,0.107,0.0409,-8.316,0.0445,130.375
124285,0.598,0.949,0.144,0.916,0.102,0.207,-18.771,0.0297,112.109
138035,0.711,0.82,0.196,0.884,0.0339,0.709,-15.477,0.41,78.047
198000,0.602,0.81,0.159,0.925,0.0844,0.0429,-20.303,0.043,120.009
179624,0.392,0.868,0.241,0.84,0.184,0.229,-18.57,0.0366,119.972
96085,0.838,0.747,0.371,0.775,0.108,0.611,-6.468,0.0776,79.961
169852,0.623,0.436,0.67,0.93,0.154,0.398,-6.067,0.0464,169.959
163143,0.867,0.343,0.115,0.886,0.0772,0.369,-12.284,0.218,82.016
111428,0.845,0.368,0.224,0.85,0.0541,0.768,-20.884,0.0713,140.124
144165,0.575,0.913,0.138,0.888,0.109,0.292,-15.969,0.0384,112.564
124623,0.407,0.904,0.384,0.879,0.13,0.113,-14.37,0.294,148.944
149647,0.644,0.917,0.218,0.944,0.0848,0.101,-17.003,0.05,85.042
93300,0.554,0.309,0.757,0.961,0.137,0.653,-4.49,0.0328,169.982
93518,0.735,0.425,0.446,0.801,0.0859,0.327,-10.56,0.0308,94.007
96000,0.713,0.324,0.531,0.786,0.118,0.303,-8.491,0.081,80.017
121846,0.729,0.325,0.143,0.921,0.265,0.28,-18.284,0.0546,130.054
113892,0.771,0.136,0.263,0.857,0.108,0.0868,-12.259,0.037,139.951
159241,0.64,0.897,0.145,0.691,0.195,0.501,-11.465,0.1,75.022
143275,0.597,0.363,0.648,0.902,0.117,0.842,-4.453,0.0347,166.099
111124,0.586,0.851,0.372,0.479,0.0897,0.349,-15.36,0.0401,80.05
108039,0.842,0.218,0.466,0.449,0.0881,0.813,-7.692,0.0792,80.012
88006,0.433,0.694,0.645,0.902,0.352,0.106,-11.67,0.173,90.403
108851,0.688,0.581,0.401,0.907,0.0967,0.325,-13.071,0.0742,79.991
160862,0.628,0.252,0.372,0.936,0.204,0.227,-9.286,0.0617,85.039
105494,0.516,0.857,0.142,0.915,0.109,0.655,-14.464,0.0288,181.994
102015,0.621,0.796,0.432,0.86,0.304,0.47,-15.962,0.0457,160.016
102583,0.696,0.471,0.362,0.916,0.102,0.532,-12.652,0.0483,74.966
138435,0.521,0.0332,0.401,0.941,0.108,0.164,-9.948,0.0307,169.89
85890,0.671,0.894,0.388,0.778,0.113,0.299,-11.996,0.0377,79.995
136500,0.732,0.397,0.369,0.861,0.0919,0.31,-11.664,0.127,80.013
99996,0.643,0.204,0.56,0.197,0.0908,0.521,-7.295,0.0354,79.986
117015,0.744,0.0127,0.29,0.831,0.0887,0.181,-14.372,0.0659,80.083
100016,0.668,0.94,0.288,0.955,0.0713,0.439,-13.146,0.0341,144.067
100465,0.816,0.436,0.181,0.289,0.152,0.849,-10.37,0.0603,171.862
168187,0.65,0.89,0.201,0.529,0.0987,0.286,-11.678,0.0291,160.057
171304,0.642,0.682,0.224,0.895,0.0869,0.0931,-19.698,0.095,69.017
168191,0.667,0.766,0.0467,0.933,0.0872,0.497,-27.832,0.0473,131.959
168800,0.343,0.931,0.195,0.877,0.228,0.0392,-12.722,0.0444,74.993
173913,0.513,0.93,0.283,0.908,0.101,0.156,-16.272,0.0409,68.952
150000,0.725,0.947,0.188,0.913,0.165,0.0727,-17.655,0.0383,130.028
197421,0.665,0.91,0.253,0.882,0.107,0.147,-14.972,0.0336,111.988
137571,0.673,0.971,0.128,0.951,0.104,0.482,-12.62,0.0452,139.941
139746,0.633,0.889,0.111,0.917,0.102,0.137,-25.365,0.0333,79.017
156273,0.625,0.968,0.245,0.813,0.162,0.132,-17.823,0.0319,85.995
136182,0.579,0.907,0.0857,0.883,0.108,0.104,-20.216,0.0608,74.015
129522,0.394,0.979,0.0806,0.949,0.114,0.275,-21.851,0.0559,126.017
122307,0.663,0.965,0.187,0.945,0.116,0.177,-19.565,0.036,130.046
118206,0.635,0.925,0.103,0.899,0.103,0.199,-14.739,0.0468,135.969
142115,0.715,0.833,0.204,0.946,0.111,0.377,-14.326,0.0381,77.992
155714,0.694,0.479,0.225,0.754,0.109,0.204,-19.029,0.032,130.094
170000,0.629,0.975,0.241,0.947,0.104,0.0675,-15.764,0.0492,80.018
165428,0.6,0.955,0.269,0.951,0.143,0.0615,-10.229,0.0289,139.998
143302,0.571,0.929,0.155,0.927,0.103,0.224,-19.837,0.0346,134.034
201154,0.524,0.659,0.238,0.922,0.16,0.121,-11.163,0.0424,78.018
133877,0.697,0.0218,0.281,0.946,0.111,0.177,-11.444,0.061,146.918
155321,0.734,0.888,0.334,0.915,0.11,0.158,-13.877,0.0355,135.998
121839,0.777,0.904,0.0346,0.879,0.109,0.232,-17.83,0.222,70.926
193600,0.683,0.644,0.154,0.917,0.11,0.255,-11.89,0.0539,75.027
162000,0.723,0.856,0.252,0.877,0.12,0.0853,-14.098,0.103,79.992
125721,0.874,0.826,0.06,0.93,0.221,0.225,-14.899,0.138,130.197
143378,0.695,0.771,0.287,0.904,0.362,0.379,-14.608,0.0499,128.028
140616,0.518,0.963,0.213,0.909,0.368,0.0767,-10.221,0.0317,71.015
152470,0.741,0.965,0.105,0.85,0.108,0.523,-13.448,0.159,68.967
142010,0.685,0.749,0.249,0.378,0.121,0.113,-16.884,0.14,120.014
164383,0.387,0.932,0.0431,0.909,0.134,0.228,-28.518,0.0531,143.773
189850,0.644,0.911,0.274,0.941,0.137,0.0394,-14.18,0.0349,134.001
133880,0.638,0.945,0.189,0.948,0.348,0.236,-16.359,0.0313,67.001
137561,0.644,0.937,0.182,0.825,0.0864,0.162,-19.706,0.0457,81.959
163333,0.765,0.756,0.089,0.491,0.117,0.182,-18.359,0.202,144.149
160000,0.693,0.807,0.105,0.944,0.0783,0.0428,-14.827,0.0846,144.068
176103,0.661,0.803,0.122,0.332,0.101,0.0802,-15.165,0.0324,76.982
145822,0.49,0.785,0.341,0.682,0.0803,0.0529,-9.801,0.0967,158.361
150857,0.599,0.97,0.117,0.158,0.12,0.116,-12.27,0.0351,140.041
160229,0.588,0.549,0.366,0.893,0.143,0.0392,-15.665,0.0366,119.957
158000,0.613,0.954,0.182,0.382,0.116,0.378,-15.503,0.0474,70.024
152238,0.369,0.797,0.281,0.879,0.0895,0.0514,-16.412,0.045,200.952
129729,0.756,0.639,0.0963,0.883,0.0608,0.159,-18.179,0.0759,147.876
166956,0.741,0.759,0.133,0.922,0.0868,0.143,-13.103,0.0612,138.003
127937,0.637,0.887,0.324,0.959,0.122,0.125,-14.176,0.058,154.413
136941,0.832,0.831,0.162,0.935,0.0907,0.349,-12.617,0.256,142.325
120000,0.769,0.546,0.25,0.888,0.116,0.184,-11.962,0.0412,84.05
143759,0.468,0.804,0.202,0.94,0.116,0.265,-18.686,0.0376,149.969
114316,0.758,0.849,0.316,0.884,0.103,0.467,-19.567,0.0427,139.999
140571,0.426,0.883,0.106,0.954,0.0939,0.133,-21.848,0.0397,139.9
126000,0.608,0.84,0.476,0.914,0.187,0.153,-20.515,0.197,137.556
164193,0.692,0.267,0.234,0.835,0.0722,0.0353,-12.784,0.0426,142.004
128470,0.642,0.731,0.35,0.866,0.111,0.493,-12.421,0.308,75.01
175576,0.624,0.778,0.307,0.894,0.0973,0.155,-11.662,0.0435,80.984
174380,0.571,0.825,0.256,0.244,0.204,0.365,-12.564,0.0827,90.03
166574,0.672,0.447,0.4,0.907,0.11,0.397,-15.516,0.0289,130.019
156322,0.579,0.678,0.309,0.889,0.11,0.132,-12.454,0.0415,171.966
159786,0.617,0.899,0.152,0.952,0.237,0.241,-17.443,0.0365,128.775
146086,0.534,0.866,0.193,0.639,0.0939,0.0672,-14.596,0.0334,68.978
189118,0.788,0.829,0.195,0.933,0.109,0.04,-16.817,0.0634,111.998
131200,0.588,0.751,0.199,0.957,0.11,0.225,-17.838,0.0371,149.959
150000,0.475,0.818,0.124,0.898,0.121,0.0559,-23.988,0.0406,59.999
125333,0.517,0.681,0.304,0.83,0.108,0.0388,-20.685,0.043,159.929
180228,0.762,0.776,0.229,0.933,0.103,0.0741,-21.396,0.0544,114.998
185774,0.649,0.873,0.142,0.936,0.363,0.37,-17.276,0.0433,80.019
130727,0.744,0.446,0.157,0.938,0.112,0.418,-14.284,0.125,78.985
104220,0.613,0.914,0.27,0.797,0.0928,0.157,-16.88,0.0487,139.995
128000,0.714,0.917,0.297,0.914,0.0986,0.181,-14.342,0.0894,149.97
126666,0.572,0.976,0.166,0.848,0.11,0.0974,-19.804,0.0338,108.044
177442,0.735,0.937,0.167,0.915,0.162,0.0397,-22.733,0.0349,140.019
138000,0.706,0.86,0.245,0.547,0.0764,0.141,-11.4,0.0293,69.998
136053,0.709,0.699,0.267,0.877,0.118,0.241,-10.631,0.0639,73.963
104691,0.549,0.848,0.0981,0.891,0.111,0.294,-16.704,0.0436,74.983
194556,0.593,0.964,0.118,0.919,0.11,0.0575,-22.462,0.0321,100.012
113023,0.797,0.875,0.103,0.85,0.0933,0.0752,-17.32,0.0706,86.0
124390,0.719,0.768,0.181,0.94,0.103,0.101,-14.264,0.0693,82.024
145500,0.446,0.953,0.219,0.92,0.0928,0.0655,-9.873,0.0315,79.902
103500,0.596,0.539,0.195,0.856,0.0927,0.213,-13.644,0.0319,140.089
151755,0.644,0.887,0.193,0.946,0.0939,0.204,-24.331,0.0551,94.045
137910,0.493,0.742,0.312,0.925,0.115,0.153,-15.138,0.0386,134.063
163241,0.641,0.92,0.226,0.936,0.383,0.0828,-15.486,0.039,75.004
148125,0.801,0.876,0.271,0.898,0.101,0.317,-16.513,0.0775,119.96
144705,0.59,0.915,0.152,0.935,0.105,0.0378,-22.819,0.0382,135.992
161142,0.601,0.906,0.0364,0.94,0.344,0.17,-25.372,0.0651,70.021
119200,0.768,0.743,0.163,0.829,0.107,0.398,-18.012,0.163,75.023
192312,0.696,0.713,0.262,0.897,0.113,0.122,-14.257,0.039,100.016
194583,0.824,0.903,0.136,0.955,0.121,0.0566,-16.76,0.0763,144.023
173538,0.726,0.826,0.314,0.85,0.109,0.0676,-14.441,0.0456,97.601
128056,0.68,0.894,0.114,0.858,0.113,0.0786,-23.789,0.0472,110.009
155927,0.728,0.985,0.319,0.886,0.132,0.0642,-12.916,0.0352,124.158
155076,0.649,0.873,0.145,0.948,0.375,0.268,-21.423,0.0379,129.98
136000,0.785,0.864,0.121,0.919,0.096,0.171,-14.613,0.085,120.029
178570,0.626,0.752,0.445,0.874,0.13,0.228,-10.514,0.0412,82.025
170221,0.669,0.859,0.413,0.806,0.696,0.172,-9.411,0.109,83.067
175208,0.712,0.673,0.159,0.927,0.104,0.0529,-12.408,0.0341,71.999
160645,0.511,0.975,0.138,0.854,0.1,0.113,-12.59,0.0338,123.034
125217,0.721,0.953,0.213,0.836,0.0964,0.177,-16.109,0.259,68.739
148000,0.636,0.946,0.206,0.89,0.412,0.216,-14.481,0.0316,112.075
106672,0.619,0.507,0.289,0.893,0.0971,0.0379,-16.875,0.0941,82.034
141176,0.66,0.93,0.09,0.894,0.111,0.18,-23.304,0.0396,68.034
136140,0.629,0.884,0.176,0.765,0.0472,0.0729,-19.218,0.0362,66.982
148500,0.674,0.825,0.278,0.884,0.351,0.333,-13.706,0.121,159.997
172258,0.587,0.869,0.0413,0.815,0.27,0.165,-29.838,0.0441,61.992
171883,0.66,0.887,0.105,0.936,0.103,0.218,-11.754,0.0552,80.004
114000,0.669,0.96,0.301,0.909,0.115,0.18,-14.349,0.0296,139.954
153664,0.597,0.915,0.259,0.802,0.134,0.192,-13.176,0.0291,89.986
127998,0.71,0.922,0.079,0.451,0.109,0.158,-14.175,0.0662,75.015
128000,0.449,0.983,0.082,0.931,0.129,0.0783,-19.121,0.0278,70.012
151406,0.71,0.909,0.302,0.91,0.106,0.123,-16.194,0.0374,127.985
138352,0.667,0.967,0.0572,0.946,0.101,0.105,-20.588,0.0309,63.0
150050,0.613,0.964,0.0909,0.891,0.101,0.2,-16.06,0.0405,130.043
151500,0.329,0.777,0.182,0.935,0.12,0.038,-23.188,0.0461,54.708
186486,0.601,0.913,0.0785,0.717,0.349,0.0477,-18.039,0.0727,148.058
141739,0.715,0.944,0.491,0.932,0.112,0.0869,-16.254,0.0604,138.073
165245,0.363,0.88,0.226,0.911,0.101,0.126,-14.887,0.031,122.084
171176,0.6,0.901,0.171,0.918,0.126,0.0826,-14.314,0.0357,67.995
127600,0.741,0.903,0.15,0.869,0.117,0.131,-16.694,0.0593,69.998
154310,0.771,0.958,0.105,0.942,0.0999,0.332,-17.697,0.0766,87.002
145598,0.544,0.933,0.163,0.912,0.18,0.158,-15.191,0.0474,74.999
137647,0.696,0.814,0.244,0.836,0.129,0.0537,-16.609,0.0341,132.519
133846,0.769,0.748,0.193,0.914,0.0728,0.247,-13.713,0.0358,130.051
207045,0.617,0.825,0.106,0.908,0.107,0.133,-17.54,0.0515,140.083
146012,0.511,0.928,0.182,0.964,0.119,0.0751,-13.651,0.488,78.972
136794,0.526,0.895,0.323,0.923,0.0911,0.198,-11.324,0.0396,80.0
128550,0.672,0.752,0.113,0.912,0.109,0.158,-14.131,0.0382,150.077
174464,0.627,0.814,0.225,0.786,0.0964,0.158,-20.161,0.11,84.018
154666,0.329,0.931,0.0382,0.878,0.113,0.13,-25.635,0.0591,85.156
149600,0.637,0.81,0.26,0.74,0.138,0.126,-13.441,0.0424,75.011
132000,0.516,0.966,0.0591,0.971,0.0932,0.0926,-25.33,0.0349,80.006
142941,0.696,0.957,0.198,0.844,0.357,0.129,-13.512,0.0569,68.004
156724,0.761,0.965,0.134,0.949,0.155,0.171,-15.515,0.0467,115.992
183896,0.663,0.863,0.198,0.884,0.105,0.0929,-9.693,0.0737,77.006
120000,0.621,0.847,0.206,0.941,0.101,0.0901,-14.484,0.042,80.032
130968,0.714,0.772,0.187,0.882,0.343,0.123,-10.755,0.117,66.98
123214,0.854,0.633,0.142,0.835,0.366,0.117,-13.843,0.085,98.071
160000,0.643,0.662,0.168,0.941,0.423,0.558,-17.115,0.1,74.982
146511,0.708,0.704,0.314,0.924,0.116,0.121,-11.427,0.064,171.923
164571,0.649,0.865,0.0318,0.898,0.111,0.206,-24.99,0.0339,105.033
176666,0.698,0.764,0.232,0.924,0.125,0.199,-13.833,0.0417,143.98
201931,0.564,0.173,0.72,0.0,0.213,0.263,-4.194,0.0384,145.085
184281,0.447,0.0772,0.878,2.52e-06,0.114,0.334,-5.705,0.0724,149.898
231200,0.405,0.247,0.58,8.07e-06,0.083,0.174,-6.166,0.0334,149.847
161048,0.584,0.21,0.835,1.49e-06,0.126,0.371,-3.663,0.0584,128.106
245142,0.386,0.0234,0.885,0.0,0.0933,0.236,-3.511,0.106,140.077
253125,0.506,0.06,0.668,0.0,0.0884,0.0775,-6.205,0.0339,127.973
214634,0.686,0.0948,0.83,1.33e-06,0.182,0.486,-4.437,0.0369,123.032
183725,0.595,0.216,0.784,0.0,0.0608,0.479,-4.878,0.102,124.111
169600,0.365,0.00757,0.927,0.203,0.387,0.331,-3.4,0.183,74.055
200672,0.691,0.0273,0.775,1.26e-06,0.226,0.333,-6.864,0.0607,118.974
149571,0.617,0.00677,0.684,1.67e-05,0.2,0.0596,-6.452,0.0257,140.034
167343,0.644,0.0255,0.937,0.0353,0.347,0.106,-3.212,0.0628,128.032
196097,0.36,0.17,0.755,0.0,0.0901,0.46,-4.591,0.0489,163.852
222857,0.572,0.00999,0.928,1.89e-05,0.103,0.104,-2.876,0.0712,111.98
189192,0.556,0.468,0.733,0.0132,0.561,0.22,-6.483,0.0374,118.082
157640,0.673,0.194,0.81,2.61e-05,0.247,0.484,-6.518,0.0461,123.911
173437,0.558,0.0599,0.79,2.52e-06,0.176,0.201,-4.209,0.0391,128.028
198984,0.543,0.0152,0.549,0.000235,0.082,0.157,-5.622,0.0367,128.01
197400,0.547,0.0359,0.601,0.0,0.0982,0.295,-6.559,0.0243,99.998
157640,0.673,0.194,0.81,2.61e-05,0.247,0.484,-6.518,0.0461,123.911
226246,0.44,0.022,0.648,2.11e-05,0.102,0.262,-10.015,0.107,156.951
162861,0.482,0.0687,0.724,0.0,0.368,0.396,-6.267,0.0387,132.009
222580,0.686,0.544,0.698,0.0,0.124,0.446,-4.967,0.0441,123.943
176783,0.566,0.00108,0.911,0.0158,0.117,0.52,-5.041,0.0385,127.989
196500,0.389,0.0932,0.782,0.0,0.372,0.423,-6.657,0.219,160.002
210027,0.413,0.0111,0.767,0.0,0.0739,0.144,-4.938,0.0537,143.916
197538,0.849,0.0184,0.718,0.0384,0.2,0.26,-6.992,0.058,125.996
219622,0.61,0.123,0.487,0.0,0.0712,0.321,-10.886,0.0411,106.001
196879,0.487,0.162,0.75,0.0,0.125,0.106,-4.479,0.0421,128.094
264179,0.679,0.191,0.8,8.4e-05,0.101,0.33,-6.133,0.0729,114.988
244645,0.509,0.0529,0.613,1.63e-06,0.112,0.151,-5.271,0.0394,77.39
198400,0.426,0.00341,0.621,0.00123,0.331,0.335,-11.411,0.0404,150.133
217519,0.418,0.136,0.681,2.53e-05,0.145,0.0564,-6.421,0.0351,127.955
200571,0.443,0.000941,0.844,0.949,0.164,0.189,-14.29,0.0375,140.007
196700,0.372,0.224,0.781,0.0,0.148,0.277,-6.213,0.146,73.413
243809,0.726,0.0242,0.789,0.000527,0.0711,0.0635,-6.68,0.0427,125.998
181600,0.665,0.134,0.862,0.00191,0.0816,0.162,-6.728,0.048,125.047
216506,0.644,0.129,0.941,0.0,0.0635,0.322,-4.76,0.269,121.938
193108,0.561,0.0093,0.549,0.0,0.111,0.123,-6.07,0.0286,127.834
232695,0.61,0.00528,0.501,0.0,0.201,0.207,-11.019,0.0347,124.951
166029,0.766,0.196,0.846,2.73e-06,0.111,0.797,-6.543,0.104,122.023
195096,0.358,0.00147,0.784,2.94e-05,0.209,0.0736,-2.994,0.037,154.92
230769,0.743,0.181,0.779,0.00576,0.114,0.49,-6.829,0.0321,129.964
181747,0.538,0.093,0.917,0.0,0.125,0.519,-3.102,0.0648,103.008
230952,0.62,0.00338,0.799,0.656,0.36,0.244,-10.345,0.0339,126.021
230769,0.743,0.181,0.779,0.00576,0.114,0.49,-6.829,0.0321,129.964
181747,0.538,0.093,0.917,0.0,0.125,0.519,-3.102,0.0648,103.008
195398,0.541,0.272,0.759,0.0,0.0922,0.226,-5.271,0.0444,113.079
205263,0.364,0.0381,0.711,4.82e-05,0.0956,0.183,-4.73,0.0438,94.723
187034,0.421,0.0248,0.89,0.0,0.332,0.399,-3.863,0.099,144.874
177300,0.734,0.119,0.686,3.72e-05,0.385,0.38,-6.112,0.04,125.986
137793,0.522,0.505,0.695,1.2e-05,0.0695,0.387,-5.099,0.0909,144.944
195274,0.45,0.000305,0.773,0.00652,0.179,0.194,-4.581,0.0285,148.021
139278,0.408,0.000106,0.88,0.655,0.387,0.126,-3.593,0.0575,128.197
193458,0.738,0.0791,0.834,0.00224,0.332,0.362,-4.561,0.0409,122.99
199785,0.602,0.05,0.685,0.0,0.294,0.553,-6.725,0.0366,124.902
208058,0.533,0.00361,0.7,0.00185,0.198,0.22,-8.278,0.0258,119.985
264953,0.651,0.00196,0.878,0.76,0.616,0.0563,-5.277,0.0514,107.018
210761,0.707,0.0222,0.906,7.88e-05,0.0799,0.506,-3.647,0.0513,125.913
178960,0.616,0.0187,0.869,0.0,0.063,0.572,-4.032,0.0431,125.935
174246,0.596,0.464,0.601,0.000142,0.156,0.215,-7.525,0.0416,146.044
149333,0.712,0.0277,0.764,0.00121,0.196,0.58,-6.631,0.0486,117.027
210937,0.57,0.00174,0.675,0.000182,0.101,0.0681,-7.487,0.0498,127.997
196758,0.277,0.00131,0.726,0.0,0.189,0.189,-6.41,0.0445,144.853
209320,0.537,0.458,0.516,0.0,0.0926,0.294,-7.872,0.0441,119.978
217500,0.569,0.00333,0.679,0.0,0.375,0.147,-4.223,0.04,127.866
226000,0.357,0.072,0.664,5.64e-06,0.0559,0.392,-7.032,0.0383,124.0
168960,0.461,0.0377,0.833,0.0,0.207,0.298,-4.942,0.0938,124.985
178168,0.615,0.0882,0.807,0.00071,0.115,0.304,-4.624,0.0349,128.027
218421,0.635,0.125,0.516,0.0,0.12,0.127,-8.677,0.0341,114.074
189882,0.674,0.187,0.785,0.000992,0.529,0.372,-10.155,0.079,128.18
193129,0.604,0.0229,0.826,4.54e-06,0.391,0.234,-4.593,0.0374,128.016
188000,0.286,0.449,0.7,6.58e-06,0.113,0.22,-3.531,0.0402,71.752
136843,0.616,0.282,0.418,0.0,0.228,0.474,-8.291,0.0526,100.093
154105,0.525,0.202,0.65,4.36e-05,0.143,0.324,-7.952,0.0686,189.937
164210,0.323,0.505,0.491,2.97e-05,0.103,0.124,-8.653,0.0332,95.015
173871,0.51,9.87e-05,0.931,0.69,0.074,0.0371,-8.214,0.0398,125.997
174315,0.488,0.0918,0.653,0.0,0.227,0.282,-4.429,0.05,95.361
171706,0.743,0.081,0.89,0.000126,0.186,0.69,-5.065,0.0441,135.011
158400,0.708,0.212,0.588,0.00851,0.108,0.268,-10.868,0.0857,124.987
257827,0.599,0.0052,0.619,0.492,0.11,0.173,-8.616,0.0379,127.986
210000,0.529,0.00701,0.786,0.0,0.221,0.169,-3.92,0.0404,127.993
209995,0.571,0.0815,0.546,0.00838,0.193,0.464,-10.348,0.0613,127.996
217500,0.448,0.00172,0.917,1.13e-05,0.151,0.243,-3.278,0.0483,127.976
245696,0.563,0.00189,0.803,0.0,0.116,0.128,-5.677,0.0411,125.075
197370,0.566,0.26,0.834,0.00918,0.11,0.205,-6.948,0.0291,99.99
142077,0.519,0.158,0.369,0.0,0.159,0.193,-14.229,0.0725,142.121
264000,0.406,0.451,0.441,4.87e-06,0.132,0.0987,-6.894,0.0325,79.812
252000,0.487,0.381,0.482,0.0,0.0549,0.341,-10.03,0.045,104.831
176097,0.676,0.0122,0.926,0.0299,0.0516,0.661,-3.995,0.0469,122.984
170766,0.599,0.07,0.688,0.0,0.249,0.442,-7.174,0.0346,126.056
176718,0.579,0.000488,0.51,0.0,0.232,0.276,-8.746,0.0347,128.046
201582,0.566,0.196,0.806,0.0,0.402,0.414,-8.038,0.267,128.097
192000,0.488,0.0863,0.764,0.886,0.298,0.297,-8.37,0.0305,130.014
178139,0.566,0.0229,0.742,0.0,0.0863,0.321,-3.988,0.0474,127.999
215625,0.648,0.04,0.861,0.206,0.505,0.394,-3.799,0.0349,127.949
246857,0.704,0.155,0.646,0.00539,0.317,0.123,-6.477,0.0348,104.985
237012,0.505,0.373,0.895,0.0,0.19,0.523,-3.878,0.19,154.319
185217,0.607,0.0176,0.742,0.000595,0.623,0.376,-6.452,0.0663,172.354
209411,0.415,0.0934,0.743,0.0,0.638,0.168,-5.852,0.0475,101.688
201105,0.533,0.66,0.579,0.0,0.524,0.341,-4.377,0.0304,136.072
184732,0.748,0.208,0.652,0.0,0.128,0.431,-3.02,0.058,106.914
239711,0.555,0.00501,0.807,0.00463,0.109,0.199,-2.997,0.0543,149.894
210090,0.679,0.232,0.634,0.0,0.115,0.498,-5.024,0.0654,102.013
183636,0.526,0.435,0.52,0.0,0.197,0.13,-7.985,0.0569,149.119
183414,0.632,0.0225,0.575,1.81e-06,0.104,0.188,-6.478,0.029,90.037
193777,0.63,0.000639,0.9,0.852,0.203,0.155,-3.955,0.0387,134.988
199111,0.658,0.303,0.678,0.0,0.361,0.662,-4.407,0.058,97.976
195000,0.725,0.134,0.831,0.0,0.109,0.692,-4.74,0.0801,111.992
176658,0.529,0.0178,0.854,0.0,0.242,0.654,-5.29,0.0436,125.984
181812,0.648,0.137,0.667,2.1e-05,0.0797,0.217,-5.294,0.065,102.966
181672,0.652,0.00179,0.855,0.0,0.0404,0.279,-4.832,0.0441,134.009
230613,0.577,0.298,0.741,0.0,0.142,0.581,-3.83,0.0501,128.081
247426,0.532,0.0038,0.783,0.0012,0.161,0.643,-5.697,0.0523,124.08
232760,0.634,0.0487,0.674,0.00116,0.102,0.298,-7.145,0.0465,115.995
278480,0.584,0.0495,0.735,4.03e-05,0.141,0.557,-3.215,0.0481,127.009
273802,0.601,0.0018,0.798,0.151,0.15,0.453,-3.978,0.0349,142.059
239853,0.57,0.0857,0.763,2.49e-06,0.0932,0.43,-4.137,0.0573,150.088
179154,0.687,0.00286,0.799,0.0565,0.21,0.67,-1.498,0.0354,142.0
202620,0.626,0.205,0.88,0.0,0.128,0.534,-2.384,0.0504,95.079
233239,0.583,0.00695,0.748,0.0241,0.22,0.254,-4.798,0.0292,142.029
273802,0.636,0.0244,0.953,0.0164,0.108,0.397,-3.74,0.0353,142.011
221408,0.521,0.0181,0.971,0.457,0.129,0.29,-2.679,0.0446,142.025
180000,0.557,0.00012,0.889,0.000225,0.325,0.173,-4.045,0.0499,142.015
223139,0.575,0.00406,0.831,0.000449,0.111,0.377,-5.972,0.0356,127.991
200597,0.522,0.0126,0.816,4.19e-06,0.348,0.102,-3.156,0.0643,134.103
255102,0.381,0.000408,0.712,0.589,0.183,0.0378,-6.9,0.0355,127.967
221904,0.611,0.124,0.644,0.0,0.124,0.13,-7.607,0.0553,105.969
203760,0.704,0.0214,0.633,0.0,0.29,0.863,-6.923,0.241,144.021
246760,0.507,0.0132,0.96,0.971,0.0703,0.801,-2.619,0.0394,142.029
206197,0.664,0.00635,0.844,0.00285,0.542,0.557,-5.012,0.0405,142.056
206197,0.572,0.00266,0.863,0.000307,0.127,0.475,-4.128,0.0424,141.919
190769,0.599,0.228,0.897,0.0,0.554,0.931,-2.731,0.0435,156.016
205119,0.475,0.0483,0.801,0.00178,0.239,0.296,-3.071,0.0381,141.92
197993,0.715,0.139,0.802,0.0,0.177,0.327,-4.647,0.0394,124.989
218933,0.428,0.0751,0.656,0.181,0.15,0.355,-3.712,0.075,79.648
247160,0.617,0.0498,0.635,1.44e-05,0.164,0.446,-6.769,0.0317,103.019
244960,0.748,0.414,0.524,0.0,0.111,0.661,-5.599,0.0338,95.01
194080,0.662,0.097,0.586,0.00272,0.115,0.296,-8.821,0.0307,90.0
226738,0.713,0.0435,0.802,0.00377,0.309,0.343,-7.055,0.0561,100.001
177573,0.76,0.238,0.303,8.09e-06,0.294,0.15,-11.362,0.0284,99.991
217413,0.604,0.0357,0.603,0.0,0.126,0.15,-6.324,0.0389,94.989
221506,0.653,0.0215,0.658,1.66e-06,0.0939,0.219,-6.428,0.0304,99.99
215720,0.643,0.0102,0.52,0.0,0.11,0.23,-5.968,0.0334,75.168
224026,0.471,0.00836,0.755,0.0,0.368,0.512,-6.612,0.0455,154.801
224773,0.615,0.0105,0.564,0.0,0.148,0.454,-6.384,0.0291,103.006
233573,0.549,0.00289,0.652,1.49e-05,0.138,0.141,-5.875,0.0311,143.963
192111,0.69,0.0428,0.876,0.0,0.147,0.493,-4.159,0.059,123.994
220883,0.584,0.0895,0.54,0.0,0.261,0.195,-7.786,0.0576,137.972
281146,0.615,0.00761,0.91,0.0067,0.16,0.346,-2.825,0.0762,140.0
230813,0.736,0.498,0.795,1.21e-06,0.254,0.511,-3.299,0.0545,104.066
329067,0.564,0.00406,0.823,0.0716,0.684,0.221,-6.316,0.046,128.018
227833,0.799,0.162,0.586,2.03e-06,0.193,0.549,-6.735,0.0377,120.97
212626,0.589,0.0291,0.651,3.2e-06,0.111,0.166,-5.097,0.0306,90.011
178131,0.59,0.0259,0.678,2.2e-05,0.0707,0.4,-5.48,0.0384,126.061
227073,0.506,0.00711,0.805,0.00193,0.0856,0.383,-4.119,0.0469,126.008
191293,0.674,0.0282,0.915,0.00337,0.273,0.78,-3.999,0.0411,126.038
205792,0.658,0.00463,0.804,0.0,0.178,0.508,-5.735,0.0377,120.047
154877,0.741,0.0305,0.689,0.0,0.112,0.655,-4.946,0.0447,110.06
246932,0.544,0.00679,0.813,3.9e-05,0.111,0.27,-5.288,0.0453,139.945
179160,0.692,0.0349,0.7,0.0303,0.0856,0.372,-5.328,0.0317,123.97
200322,0.594,0.0156,0.722,0.0,0.0667,0.407,-5.751,0.0398,127.877
199226,0.539,0.0651,0.651,0.0,0.0662,0.474,-5.304,0.0432,105.159
217653,0.591,0.225,0.702,0.0,0.414,0.501,-5.59,0.0289,104.003
226746,0.51,0.00791,0.835,0.0,0.219,0.435,-4.673,0.0447,140.024
180120,0.773,0.488,0.699,3.6e-06,0.0814,0.513,-5.982,0.0958,104.941
209893,0.294,0.12,0.505,0.0,0.0977,0.357,-8.106,0.042,85.332
181844,0.584,0.288,0.643,0.0,0.186,0.53,-6.415,0.0395,90.036
247504,0.507,0.00731,0.887,0.0,0.562,0.336,-4.084,0.141,128.015
214289,0.687,0.191,0.792,0.0,0.167,0.671,-2.749,0.0452,100.015
224351,0.461,0.00986,0.716,0.0,0.131,0.192,-5.462,0.0436,161.159
193320,0.688,0.3,0.688,0.0,0.0982,0.451,-5.84,0.0357,114.011
211362,0.693,0.374,0.575,0.0,0.252,0.492,-6.998,0.0801,117.999
221440,0.604,0.234,0.661,0.0,0.0951,0.506,-5.914,0.0375,107.016
210928,0.618,0.00271,0.754,0.0,0.213,0.485,-3.739,0.0882,148.013
246760,0.567,0.00114,0.703,0.921,0.101,0.309,-2.08,0.0311,142.019
189973,0.737,0.225,0.714,3.79e-06,0.267,0.608,-6.138,0.0367,102.046
193060,0.639,0.245,0.593,0.0,0.242,0.706,-6.055,0.131,156.904
192452,0.737,0.269,0.747,0.0,0.219,0.447,-4.818,0.0323,105.943
222571,0.877,0.234,0.51,1.65e-06,0.207,0.724,-5.186,0.0329,104.999
167381,0.698,0.0169,0.855,0.0,0.371,0.576,-4.595,0.13,108.949
213712,0.678,0.00781,0.954,0.00983,0.171,0.392,-2.486,0.0717,149.992
209648,0.806,0.331,0.707,0.0,0.294,0.746,-4.623,0.0307,118.011
207094,0.44,0.129,0.635,0.0,0.121,0.327,-6.385,0.0326,128.133
149189,0.643,0.0174,0.968,0.0305,0.144,0.181,-1.024,0.0612,147.938
232936,0.688,0.0126,0.661,0.0,0.188,0.367,-7.161,0.0319,99.98
224189,0.707,0.0783,0.86,3.25e-06,0.0964,0.265,-4.518,0.033,111.059
180779,0.395,0.0145,0.85,0.00127,0.149,0.369,-4.898,0.147,153.674
157202,0.802,0.272,0.645,0.0,0.119,0.376,-6.181,0.0715,100.001
190931,0.665,0.423,0.699,0.0,0.0969,0.585,-5.265,0.0578,124.896
246761,0.576,0.028,0.766,1.68e-06,0.366,0.236,-4.943,0.449,144.833
163804,0.661,0.179,0.723,1.23e-05,0.14,0.316,-6.976,0.0566,113.778
217653,0.591,0.225,0.702,0.0,0.414,0.501,-5.59,0.0289,104.003
193175,0.6,0.102,0.666,0.0,0.118,0.566,-9.827,0.0394,99.989
277261,0.592,0.0715,0.873,0.00982,0.142,0.516,-5.65,0.0275,122.011
183660,0.454,0.544,0.423,0.0,0.0538,0.245,-7.286,0.0552,170.162
171785,0.648,0.329,0.554,2.56e-05,0.0803,0.372,-7.005,0.0341,98.045
179479,0.405,0.225,0.576,8.08e-06,0.0822,0.695,-6.245,0.171,91.204
184019,0.636,0.0796,0.63,0.0,0.13,0.454,-6.396,0.0346,104.845
281379,0.495,0.257,0.885,0.000983,0.101,0.437,-3.161,0.0492,145.044
184013,0.598,0.26,0.687,0.0,0.112,0.626,-9.021,0.0955,75.169
175426,0.72,0.0384,0.791,0.0,0.157,0.756,-4.689,0.124,102.071
212013,0.897,0.00413,0.634,0.0,0.0686,0.506,-6.264,0.161,112.048
176266,0.756,0.53,0.789,0.000711,0.157,0.873,-7.002,0.0324,127.987
221320,0.642,0.0759,0.834,0.0,0.378,0.678,-3.258,0.0914,98.063
240746,0.832,0.269,0.87,0.0,0.415,0.577,-4.2,0.166,137.998
174382,0.667,0.0173,0.669,0.0,0.0737,0.939,-4.531,0.165,172.019
189840,0.507,0.0818,0.923,4.63e-06,0.0951,0.768,-5.581,0.173,99.252
332653,0.783,0.503,0.651,1.31e-05,0.121,0.643,-6.757,0.0338,101.015
196640,0.605,0.0825,0.793,0.0,0.124,0.647,-3.084,0.297,184.032
224893,0.968,0.0418,0.6,0.0,0.0585,0.907,-5.679,0.0981,111.951
219200,0.648,0.0561,0.785,0.0,0.148,0.943,-5.414,0.165,160.02
194240,0.673,0.0591,0.902,0.000262,0.0558,0.538,-2.392,0.0346,100.012
233305,0.652,0.286,0.757,0.0,0.0886,0.962,-6.819,0.153,159.911
209546,0.57,0.032,0.806,0.000179,0.77,0.605,-7.351,0.14,156.319
234786,0.421,0.0132,0.822,0.0,0.092,0.751,-4.415,0.0542,171.935
199080,0.578,0.00701,0.866,0.0,0.257,0.619,-3.804,0.0619,128.038
213080,0.691,0.00654,0.791,0.0,0.0729,0.793,-3.747,0.0613,100.044
238733,0.596,0.0116,0.869,0.173,0.0678,0.944,-11.97,0.037,109.902
165466,0.767,0.104,0.934,0.0,0.0835,0.895,-3.057,0.195,121.069
184226,0.655,0.375,0.782,0.0,0.317,0.832,-4.789,0.185,79.427
213506,0.557,0.0124,0.803,1.61e-06,0.737,0.657,-3.599,0.213,92.134
213519,0.835,0.357,0.366,0.0,0.0793,0.659,-10.246,0.426,114.044
163253,0.801,0.0417,0.795,0.000113,0.0717,0.754,-5.115,0.0504,79.028
172720,0.764,0.0987,0.842,0.0,0.117,0.863,-6.923,0.0326,110.029
177426,0.725,0.426,0.804,0.000504,0.108,0.961,-7.84,0.0393,93.668
173531,0.574,0.179,0.869,0.0,0.305,0.929,-2.474,0.0813,134.746
195973,0.765,0.00107,0.837,1.06e-05,0.0801,0.721,-3.113,0.032,122.028
220226,0.706,7.95e-05,0.841,0.0,0.0688,0.861,-3.956,0.0418,132.032
198800,0.774,0.0249,0.838,0.025,0.242,0.924,-3.914,0.114,143.04
237266,0.792,0.0159,0.856,2.88e-06,0.0981,0.714,-5.236,0.067,127.988
199693,0.755,0.0746,0.832,1.27e-06,0.291,0.735,-2.741,0.116,120.032
218227,0.705,0.456,0.78,0.00152,0.115,0.457,-6.267,0.0805,142.028
175733,0.675,0.0417,0.848,0.0,0.0496,0.723,-4.006,0.0505,124.052
238266,0.71,0.22,0.799,0.000602,0.349,0.725,-4.897,0.0328,120.372
187521,0.845,0.0233,0.709,0.0,0.094,0.62,-4.547,0.0714,98.062
264280,0.69,0.000232,0.805,0.739,0.095,0.799,-11.522,0.0336,127.808
200760,0.661,0.0217,0.799,0.0,0.377,0.517,-5.433,0.135,119.881
213946,0.876,0.163,0.669,0.0,0.185,0.682,-6.054,0.138,124.007
231840,0.759,0.00729,0.563,0.0,0.0342,0.809,-4.543,0.0356,126.995
198237,0.849,0.189,0.581,3.61e-06,0.0805,0.779,-5.243,0.0767,110.008
267413,0.652,0.0849,0.748,0.0,0.604,0.652,-5.242,0.0887,94.1
170760,0.655,0.000658,0.798,0.0,0.335,0.855,-7.137,0.131,128.103
154053,0.752,0.0726,0.908,0.0,0.184,0.94,-5.681,0.0308,128.125
194000,0.729,0.0129,0.936,0.000892,0.0367,0.598,-7.536,0.0776,131.986
222160,0.666,0.03,0.878,0.0,0.0828,0.669,-2.85,0.0973,119.932
225000,0.754,0.0199,0.933,0.0,0.297,0.75,-5.786,0.0448,103.992
202613,0.751,0.00379,0.783,0.0,0.036,0.816,-3.724,0.0859,119.975
227480,0.509,0.304,0.671,0.0,0.0452,0.55,-5.709,0.0678,118.413
211066,0.759,0.202,0.699,0.000131,0.443,0.907,-5.745,0.0307,92.96
231466,0.745,0.021,0.756,0.0,0.356,0.495,-4.749,0.0429,109.999
225373,0.762,0.15,0.661,0.0,0.256,0.769,-6.075,0.0687,130.009
190213,0.738,0.332,0.804,0.0,0.279,0.949,-3.851,0.0621,174.943
205933,0.554,0.0216,0.878,5.76e-06,0.362,0.682,-4.271,0.134,126.045
214506,0.531,9.33e-05,0.862,4.82e-06,0.363,0.396,-2.996,0.0434,126.016
191626,0.66,0.011,0.969,0.00225,0.116,0.48,-3.63,0.0346,127.989
269666,0.856,0.00801,0.609,8.15e-05,0.0344,0.928,-7.223,0.0824,114.988
235213,0.719,0.0588,0.967,0.000249,0.206,0.964,-2.435,0.0552,79.505
193200,0.887,0.0094,0.48,3.58e-05,0.0662,0.607,-11.994,0.117,95.846
226826,0.583,0.0984,0.905,0.00019,0.0593,0.646,-6.132,0.0733,173.982
225253,0.709,0.0771,0.782,4.71e-06,0.302,0.728,-3.526,0.0469,102.032
216631,0.755,0.147,0.599,0.0,0.109,0.755,-5.042,0.224,133.123
200373,0.731,0.0395,0.867,0.0,0.0861,0.776,-5.881,0.032,104.019
183533,0.714,0.0352,0.621,1.63e-05,0.11,0.892,-5.343,0.0641,96.007
238040,0.544,0.00484,0.86,0.122,0.115,0.398,-5.181,0.0678,123.024
187733,0.675,0.0242,0.828,0.0102,0.364,0.669,-5.799,0.0454,122.229
213093,0.724,0.00492,0.79,0.00311,0.265,0.68,-4.112,0.055,126.053
200480,0.786,0.174,0.846,0.0,0.413,0.819,-3.468,0.0505,95.005
173720,0.724,0.0322,0.895,0.0,0.097,0.64,-3.617,0.0411,96.022
217288,0.704,0.0185,0.859,0.0,0.0215,0.926,-4.877,0.0996,105.115
147680,0.821,0.13,0.773,0.0,0.116,0.954,-6.741,0.0464,133.053
191293,0.674,0.0282,0.915,0.00337,0.273,0.78,-3.999,0.0411,126.038
205026,0.485,0.113,0.91,0.0,0.138,0.649,-2.096,0.0977,124.18
193466,0.783,0.0109,0.584,2.91e-06,0.108,0.632,-6.572,0.0409,120.031
211875,0.542,0.166,0.903,3.53e-05,0.355,0.39,-2.745,0.0731,96.028
188346,0.678,0.301,0.679,0.000136,0.112,0.218,-7.093,0.0644,119.977
216978,0.757,0.0252,0.716,0.0,0.21,0.489,-6.704,0.241,111.102
203000,0.645,0.0323,0.741,0.0,0.29,0.534,-4.989,0.0339,123.07
213066,0.648,0.00937,0.931,0.0,0.752,0.744,-3.15,0.181,153.649
185301,0.736,0.00399,0.859,0.00382,0.0649,0.777,-5.217,0.0396,128.076
212520,0.654,0.0108,0.684,0.0,0.0768,0.7,-4.509,0.032,66.001
244906,0.599,0.00892,0.885,0.0,0.0699,0.576,-3.232,0.0463,128.048
234653,0.791,0.00446,0.754,0.0,0.163,0.425,-3.729,0.0569,125.014
192376,0.757,0.0207,0.711,3.04e-05,0.11,0.649,-5.693,0.0769,113.026
215693,0.668,0.0191,0.857,6.71e-06,0.0385,0.748,-2.944,0.0535,131.959
212347,0.528,0.197,0.767,0.0,0.207,0.691,-6.973,0.202,115.12
193700,0.867,0.258,0.724,0.0,0.0527,0.757,-4.266,0.0978,128.97
147000,0.898,0.0622,0.914,0.000861,0.0999,0.633,-1.751,0.194,120.956
217270,0.769,0.119,0.536,0.0,0.0439,0.916,-6.679,0.0341,118.116
187293,0.258,0.065,0.919,0.0,0.279,0.636,-6.927,0.0809,93.62
169840,0.762,0.294,0.608,0.00148,0.117,0.841,-11.36,0.0644,106.931
216906,0.747,0.641,0.657,1.76e-05,0.0874,0.657,-9.449,0.0548,124.324
231333,0.62,0.271,0.573,0.0,0.0607,0.897,-11.893,0.0423,81.548
220506,0.759,0.0046,0.815,1.2e-06,0.0583,0.917,-5.716,0.0653,112.005
206166,0.699,0.0317,0.529,3.59e-05,0.285,0.121,-7.548,0.0487,119.987
231426,0.76,0.0451,0.941,0.0,0.649,0.805,-6.356,0.0688,116.013
234706,0.284,0.00583,0.704,0.000115,0.0424,0.1,-7.276,0.186,191.702
251147,0.625,0.0274,0.833,0.0,0.264,0.581,-5.389,0.0347,126.013
248000,0.794,0.0306,0.758,1.38e-06,0.269,0.821,-6.289,0.0713,115.99
197906,0.81,0.0167,0.956,0.281,0.35,0.961,-5.753,0.0367,129.996
